name,price,old price,sale,url,image,productInformation,fullDescription,color,left,rating,brand,is_best_seller,new release,productCategory
Gigabyte AORUS C300 GLASS RGB – Black – Mid Tower – Case,"EGP 3,599.00",,,https://www.jumia.com.eg/gigabyte-aorus-c300-glass-rgb-black-mid-tower-case-34448666.html,https://eg.jumia.is/unsafe/fit-in/300x300/filters:fill(white)/product/66/684443/1.jpg?2008,SKU: GI396EA13PA1NNAFAMZ Model: C300 Production Country: China Size (L x W x H cm): 54.1 × 30.9 × 54.2 cm Color: BLACK Main Material: N/A,"Front, Top  RGB Lighting Yes, Support",Color: BLACK,2 units left,0 out of 5 (No ratings available),Gigabyte,TRUE,FALSE,computer
Coolermaster Cooler Master MasterCase H500 ARGB Airflow ATX Mid-Tower,"EGP 3,999.00",,,https://www.jumia.com.eg/coolermaster-cooler-master-mastercase-h500-argb-airflow-atx-mid-tower-21850758.html,https://eg.jumia.is/unsafe/fit-in/300x300/filters:fill(white)/product/85/705812/1.jpg?2386,"SKU: CO558EA1F0Z10NAFAMZ Model: MCM-H500-IGNN-S01 Production Country: China Size (L x W x H cm): 525 x 228 x 502mm (Incl. Panels) Color: Iron Grey Main Material: Steel, Plastic, Mesh", ,Color: Iron Grey,1 units left,0 out of 5 (No ratings available),Coolermaster,FALSE,FALSE,computer
Mintra Drawstring Backpack With Back Pocket – Pirate Black,EGP 126.95,EGP 145.00,12%,https://www.jumia.com.eg/mintra-drawstring-backpack-with-back-pocket-pirate-black-28272821.html,https://eg.jumia.is/unsafe/fit-in/300x300/filters:fill(white)/product/12/827282/1.jpg?7222,SKU: MI869HL07MXLENAFAMZ Model: 6221236078746 Color: pirate black Main Material: polyester Shop Type: Jumia Mall, ,Shop Type: Jumia Mall,Few units left,0 out of 5 (No ratings available),Mintra,FALSE,FALSE,computer
PC + Metal Oil Surface Case For Book Pro 13.3 Inch A1706,Shipped from abroad,EGP 598.00,30%,https://www.jumia.com.eg/generic-pc-metal-oil-surface-case-for-book-pro-13.3-inch-a1706-30995304.html,https://eg.jumia.is/unsafe/fit-in/300x300/filters:fill(white)/product/40/359903/1.jpg?9409,SKU: GE810EA0O11WFNAFAMZ Model: B16539BRZ=MBC0050J Production Country: China Size (L x W x H cm): 30 x 21 x 5cm Color: Gold Main Material: Multi-Material Warranty Address: N/A, ,Color: Gold,In stock,0 out of 5 (No ratings available),(No ratings available),FALSE,FALSE,computer
Laptop Leather Case For Book Pro 15.4 Inch,Shipped from abroad,EGP 827.00,30%,https://www.jumia.com.eg/generic-laptop-leather-case-for-book-pro-15.4-inch-37251710.html,https://eg.jumia.is/unsafe/fit-in/300x300/filters:fill(white)/product/01/715273/1.jpg?3354,SKU: GE810EA010RIHNAFAMZ Model: B16572TFZ=S-MBC-0005Z Production Country: China Size (L x W x H cm): 37 x 26 x 2cm Color: Brown Main Material: Multi-Material Warranty Address: N/A, ,Color: Brown,In stock,0 out of 5 (No ratings available),(No ratings available),TRUE,TRUE,computer
"Lenovo Pc Lenovo IdeaCentre 5 Intel Core I7-12700, 12th Gen, 8GB, 1TB , Intel UHD Graphics 730 +kb+mouse","EGP 31,390.00","EGP 33,333.00",6%,https://www.jumia.com.eg/lenovo-pc-lenovo-ideacentre-5-intel-core-i7-12700-12th-gen-8gb-1tb-intel-uhd-graphics-730-kbmouse-38051622.html,https://eg.jumia.is/unsafe/fit-in/300x300/filters:fill(white)/product/22/615083/1.jpg?4687,SKU: LE018CL0DGPWRNAFAMZ Model: 90T3007FAK Color: silver Main Material: n/a,dual-channel capable Max Memory     Up to,Main Material: n/a,2 units left,0 out of 5 (No ratings available),Lenovo,FALSE,FALSE,computer
Ddc Case For Macbook Pro 14 M1 ( Clear ) DDC HardShell,EGP 950.00,,,https://www.jumia.com.eg/ddc-case-for-macbook-pro-14-m1-clear-ddc-hardshell-31253862.html,https://eg.jumia.is/unsafe/fit-in/300x300/filters:fill(white)/product/26/835213/1.jpg?8665,SKU: DD571EA0FZ66LNAFAMZ Model: Case for Macbook Pro 14 M1 (Clear ) DDC HardShell Production Country: China Size (L x W x H cm): ‎30.48 x 21.59 x 1.52 cm; 322 Grams Color: Clear Main Material: plastic, ,Color: Clear,6 units left,0 out of 5 (No ratings available),Ddc,FALSE,FALSE,computer
HP Pc HP 290 G4-1C6W8ESntel® Core™ I5-10500 (3.1 GHz Up To 4.5 GHz W12 MB + Monitor Hp 19.5,"EGP 23,960.00","EGP 27,777.00",14%,https://www.jumia.com.eg/hp-pc-hp-290-g4-1c6w8esntelr-coretm-i5-10500-3.1-ghz-up-to-4.5-ghz-w12-mb-monitor-hp-19.5-38051621.html,https://eg.jumia.is/unsafe/fit-in/300x300/filters:fill(white)/product/12/615083/1.jpg?4687,SKU: HP431CL07IDUZNAFAMZ Model: 290 G4 MT Intel Core i5 10500 Color: BLACK Main Material: n/a,"Rear 1 HDMI; 1 line in; 1 line out; 1 power connector; 1 RJ-45; 1 serial; 1 VGA; 2 USB 2.0 [11,13]  NETWORK INTERFACE Integrated 10/100/1000M GbE",Main Material: n/a,3 units left,0 out of 5 (No ratings available),HP,FALSE,FALSE,computer
Crystal Style PC Case For Book Pro 15.4 Inch A1990,Shipped from abroad,EGP 655.00,30%,https://www.jumia.com.eg/generic-crystal-style-pc-case-for-book-pro-15.4-inch-a1990-30997614.html,https://eg.jumia.is/unsafe/fit-in/300x300/filters:fill(white)/product/41/679903/1.jpg?0179,SKU: GE810EA0OTCF3NAFAMZ Model: B16539BRZ=MBC3319R Production Country: China Size (L x W x H cm): 35 x 24 x 5cm Color: Red Main Material: Multi-Material Warranty Address: N/A, ,Color: Red,In stock,0 out of 5 (No ratings available),(No ratings available),FALSE,FALSE,computer
Desktop Computer PC Case Motherboard Power Supply Reset Button,Shipped from abroad,EGP 659.00,29%,https://www.jumia.com.eg/generic-desktop-computer-pc-case-motherboard-power-supply-reset-button-23166730.html,https://eg.jumia.is/unsafe/fit-in/300x300/filters:fill(white)/product/03/766132/1.jpg?9447,SKU: GE810EA028PYSNAFAMZ Model: N/A Production Country: China Size (L x W x H cm): 29.33 x 23.33 x 4.50 Color: Black Main Material: plastic, ,Color: Black,5 units left,0 out of 5 (No ratings available),(No ratings available),FALSE,FALSE,computer
"Lenovo PC Lenovo IdeaCentre 5 Core I5-12400, 12th Gen, 8GB, 1TB , Intel UHD Graphics 730+ KB + MOUSE","EGP 21,818.00","EGP 23,177.00",6%,https://www.jumia.com.eg/lenovo-pc-lenovo-ideacentre-5-core-i5-12400-12th-gen-8gb-1tb-intel-uhd-graphics-730-kb-mouse-37972516.html,https://eg.jumia.is/unsafe/fit-in/300x300/filters:fill(white)/product/61/527973/1.jpg?2563,SKU: LE018CL10MRADNAFAMZ Model: 90T3007EAK Color: silver Main Material: n/a,dual-channel capable Max Memory     Up to,Main Material: n/a,3 units left,0 out of 5 (No ratings available),Lenovo,FALSE,TRUE,computer
"Lenovo Pc Lenovo IdeaCentre 5 Core I3-12100, 12th Gen, 8GB, 1TB , Intel UHD Graphics 730+kb+mouse","EGP 17,640.00","EGP 18,333.00",4%,https://www.jumia.com.eg/lenovo-pc-lenovo-ideacentre-5-core-i3-12100-12th-gen-8gb-1tb-intel-uhd-graphics-730kbmouse-37972515.html,https://eg.jumia.is/unsafe/fit-in/300x300/filters:fill(white)/product/51/527973/1.jpg?2564,SKU: LE018CL0UOF8LNAFAMZ Model: 90T3007DAK Color: silver Main Material: n/a, ,Main Material: n/a,1 units left,0 out of 5 (No ratings available),Lenovo,FALSE,FALSE,computer
DF800 Flux + ATOM B650 650W 80+ Bronze – Black – Mid Tower – Case,"EGP 4,599.00",,,https://www.jumia.com.eg/antec-df800-flux-atom-b650-650w-80-bronze-black-mid-tower-case-34386988.html,"data:image/gif;base64,R0lGODlhAQABAIAAAAAAAP///yH5BAEAAAAALAAAAAABAAEAAAIBRAA7",SKU: AN399EA1GYWEVNAFAMZ Model: DF800 Production Country: China Size (L x W x H cm): 55 × 30 × 50 cm Color: BLACK Main Material: N/A, ,Color: BLACK,5 units left,0 out of 5 (No ratings available),(No ratings available),FALSE,FALSE,computer
V4 CPU Cooler 4 Copper Heat Pipes 3Pin Colorful Quiet,Shipped from abroad,"EGP 1,395.00",44%,https://www.jumia.com.eg/generic-v4-cpu-cooler-4-copper-heat-pipes-3pin-colorful-quiet-24720881.html,"data:image/gif;base64,R0lGODlhAQABAIAAAAAAAP///yH5BAEAAAAALAAAAAABAAEAAAIBRAA7",SKU: GE810EA0B70AENAFAMZ Size (L x W x H cm): 12.70×12.70×8.80 Color: Multicolor Main Material: N/A, ,,In stock,0 out of 5 (No ratings available),(No ratings available),FALSE,FALSE,computer
Mintra Printed School Bag With Laptop Pocket - Red Camo,EGP 220.95,EGP 350.00,37%,https://www.jumia.com.eg/mintra-printed-school-bag-with-laptop-pocket-red-camo-28272947.html,"data:image/gif;base64,R0lGODlhAQABAIAAAAAAAP///yH5BAEAAAAALAAAAAABAAEAAAIBRAA7",SKU: MI869HL18LY9ENAFAMZ Model: 6221236103707 Color: red camo  Main Material: polyester Shop Type: Jumia Mall, ,Shop Type: Jumia Mall,4 units left,4 out of 5 (1 verified rating),Mintra,FALSE,FALSE,computer
Frosted Hard Shell+TPU Keyboard Protector Cover,Shipped from abroad,EGP 598.00,30%,https://www.jumia.com.eg/generic-frosted-hard-shelltpu-keyboard-protector-cover-31147458.html,"data:image/gif;base64,R0lGODlhAQABAIAAAAAAAP///yH5BAEAAAAALAAAAAABAAEAAAIBRAA7",SKU: GE810EA1EW08XNAFAMZ Model: B16572LNK=MBC2602F Production Country: China Size (L x W x H cm): 30 x 21 x 1cm Color: Pink Main Material: Multi-Material Warranty Address: N/A, ,Color: Pink,In stock,0 out of 5 (No ratings available),(No ratings available),FALSE,TRUE,computer
For Book Pro 13.3 A2251/A2289/A2338 EU Version 3 In 1,Shipped from abroad,"EGP 1,027.00",30%,https://www.jumia.com.eg/generic-for-book-pro-13.3-a2251a2289a2338-eu-version-3-in-1-31147453.html,"data:image/gif;base64,R0lGODlhAQABAIAAAAAAAP///yH5BAEAAAAALAAAAAABAAEAAAIBRAA7",SKU: GE810EA0L4C01NAFAMZ Model: B16572LNK=SYA001414301G Production Country: China Size (L x W x H cm): 32 x 23 x 3cm Color: Pink Main Material: Multi-Material Warranty Address: N/A, ,Color: Pink,In stock,0 out of 5 (No ratings available),(No ratings available),FALSE,FALSE,computer
Backpack Student College School Bags,Shipped from abroad,EGP 516.00,50%,https://www.jumia.com.eg/generic-backpack-student-college-school-bags-25249326.html,"data:image/gif;base64,R0lGODlhAQABAIAAAAAAAP///yH5BAEAAAAALAAAAAABAAEAAAIBRAA7",SKU: GE810SN115BPONAFAMZ Model: Backpack Size (L x W x H cm): 30*45CM Color: Pink Main Material: Nylon, ,Main Material: Nylon,In stock,0 out of 5 (No ratings available),(No ratings available),FALSE,FALSE,computer
Mintra Drawstring Backpack With Back Pocket – Red,EGP 104.00,EGP 145.00,28%,https://www.jumia.com.eg/mintra-drawstring-backpack-with-back-pocket-red-28272819.html,"data:image/gif;base64,R0lGODlhAQABAIAAAAAAAP///yH5BAEAAAAALAAAAAABAAEAAAIBRAA7",SKU: MI869HL1IO6DUNAFAMZ Model: 6221236078722 Color: haute red Main Material: polyester Shop Type: Jumia Mall, ,Shop Type: Jumia Mall,2 units left,0 out of 5 (No ratings available),Mintra,FALSE,FALSE,computer
Ddc Case For Macbook Air 13 M1 (Black) DDC HardShell,EGP 790.00,,,https://www.jumia.com.eg/ddc-case-for-macbook-air-13-m1-black-ddc-hardshell-40105200.html,"data:image/gif;base64,R0lGODlhAQABAIAAAAAAAP///yH5BAEAAAAALAAAAAABAAEAAAIBRAA7",SKU: DD571EA005CZCNAFAMZ Model: Case for Macbook Air 13 M1 ( Black ) DDC HardShell Production Country: China Size (L x W x H cm): ‎30.48 x 21.59 x 1.52 cm; 322 Grams Color: Black Main Material: High quality plastic, ,Color: Black,3 units left,0 out of 5 (No ratings available),Ddc,FALSE,FALSE,computer
P101 SILENT – Black – Mid Tower – Case,"EGP 3,380.00",,,https://www.jumia.com.eg/antec-p101-silent-black-mid-tower-case-34387034.html,"data:image/gif;base64,R0lGODlhAQABAIAAAAAAAP///yH5BAEAAAAALAAAAAABAAEAAAIBRAA7",SKU: AN399EA0PNBGNNAFAMZ Model: P101 Production Country: China Size (L x W x H cm): 55 × 30 × 50 cm Color: BLACK Main Material: N/A, ,Color: BLACK,2 units left,0 out of 5 (No ratings available),(No ratings available),FALSE,FALSE,computer
Ipega PG-9209 Wired Gaming Microphone USB2.0 Interface High,Shipped from abroad,"EGP 1,073.00",44%,https://www.jumia.com.eg/ipega-pg-9209-wired-gaming-microphone-usb2.0-interface-high-24738290.html,"data:image/gif;base64,R0lGODlhAQABAIAAAAAAAP///yH5BAEAAAAALAAAAAABAAEAAAIBRAA7",SKU: IP784EA05IZDQNAFAMZ Size (L x W x H cm): 27.00×6.80×6.00 Color: Black Main Material: N/A, ,,In stock,0 out of 5 (No ratings available),Ipega,FALSE,FALSE,computer
Crystal Case Set For Book Pro 13.3 Inch US Version,Shipped from abroad,"EGP 1,012.00",30%,https://www.jumia.com.eg/generic-crystal-case-set-for-book-pro-13.3-inch-us-version-30994259.html,"data:image/gif;base64,R0lGODlhAQABAIAAAAAAAP///yH5BAEAAAAALAAAAAABAAEAAAIBRAA7",SKU: GE810EA1KPJANNAFAMZ Model: B16539BHO=S-MBC-0304D Production Country: China Size (L x W x H cm): 33 x 23 x 2cm Color: Dark Blue Main Material: Multi-Material Warranty Address: N/A, ,Color: Dark Blue,In stock,0 out of 5 (No ratings available),(No ratings available),FALSE,FALSE,computer
KX Adapter USB Mobile Gaming Keyboard And Mouse Converter,Shipped from abroad,EGP 989.00,44%,https://www.jumia.com.eg/generic-kx-adapter-usb-mobile-gaming-keyboard-and-mouse-converter-24975762.html,"data:image/gif;base64,R0lGODlhAQABAIAAAAAAAP///yH5BAEAAAAALAAAAAABAAEAAAIBRAA7",SKU: GE810EA0FXIK6NAFAMZ Size (L x W x H cm): 13.10×13.10×4.00 Color: Black Main Material: N/A, ,,In stock,0 out of 5 (No ratings available),(No ratings available),FALSE,FALSE,computer
DF600 Flux + ATOM B650 650W 80+ Bronze – Black – Mid Tower – Case,"EGP 5,000.00",,,https://www.jumia.com.eg/antec-df600-flux-atom-b650-650w-80-bronze-black-mid-tower-case-34386965.html,"data:image/gif;base64,R0lGODlhAQABAIAAAAAAAP///yH5BAEAAAAALAAAAAABAAEAAAIBRAA7",SKU: AN399EA0XX11ZNAFAMZ Model: DF600 Production Country: China Size (L x W x H cm): 55 × 30 × 50 cm Color: BLACK Main Material: N/A, ,Color: BLACK,4 units left,0 out of 5 (No ratings available),(No ratings available),FALSE,FALSE,computer
Mintra Printed School Bag With Laptop Pocket - Navy Camo,EGP 220.95,EGP 350.00,37%,https://www.jumia.com.eg/mintra-printed-school-bag-with-laptop-pocket-navy-camo-28272949.html,"data:image/gif;base64,R0lGODlhAQABAIAAAAAAAP///yH5BAEAAAAALAAAAAABAAEAAAIBRAA7",SKU: MI869HL1KIMCYNAFAMZ Model: 6221236103721 Color: navy camo Main Material: polyester Shop Type: Jumia Mall, ,Shop Type: Jumia Mall,2 units left,0 out of 5 (No ratings available),Mintra,FALSE,FALSE,computer
For Book Pro 15.4 A1707 US Version 3 In 1 Crystal Case,Shipped from abroad,"EGP 1,112.00",30%,https://www.jumia.com.eg/generic-for-book-pro-15.4-a1707-us-version-3-in-1-crystal-case-30997667.html,"data:image/gif;base64,R0lGODlhAQABAIAAAAAAAP///yH5BAEAAAAALAAAAAABAAEAAAIBRAA7",SKU: GE810EA19NILBNAFAMZ Model: B16570QCG=SYA001413001D Production Country: China Size (L x W x H cm): 37 x 26 x 3cm Color: Grey Main Material: Multi-Material Warranty Address: N/A, ,Color: Grey,In stock,0 out of 5 (No ratings available),(No ratings available),FALSE,TRUE,computer
Laptop Matte Case For Book Air 13.6 Inch A2681 2022,Shipped from abroad,EGP 555.00,30%,https://www.jumia.com.eg/generic-laptop-matte-case-for-book-air-13.6-inch-a2681-2022-31147363.html,"data:image/gif;base64,R0lGODlhAQABAIAAAAAAAP///yH5BAEAAAAALAAAAAABAAEAAAIBRAA7",SKU: GE810EA0LNMG1NAFAMZ Model: B16539PE9=EDA003329302I Production Country: China Size (L x W x H cm): 34 x 24 x 2cm Color: Actual Blue Main Material: Multi-Material Warranty Address: N/A, ,Color: Actual Blue,In stock,0 out of 5 (No ratings available),(No ratings available),FALSE,FALSE,computer
Frosted Plastic Case For Book Pro 15.4 Inch US Version,Shipped from abroad,EGP 770.00,30%,https://www.jumia.com.eg/generic-frosted-plastic-case-for-book-pro-15.4-inch-us-version-31148873.html,"data:image/gif;base64,R0lGODlhAQABAIAAAAAAAP///yH5BAEAAAAALAAAAAABAAEAAAIBRAA7",SKU: GE810EA0MJZKHNAFAMZ Model: B16572LNK=S-MBC-2909H Production Country: China Size (L x W x H cm): 38 x 25 x 3cm Color: Grey Main Material: Multi-Material Warranty Address: N/A, ,Color: Grey,In stock,0 out of 5 (No ratings available),(No ratings available),FALSE,FALSE,computer
Hard Crystal Case For Book Pro Retina 15.4 Inch,Shipped from abroad,EGP 612.00,30%,https://www.jumia.com.eg/generic-hard-crystal-case-for-book-pro-retina-15.4-inch-30996762.html,"data:image/gif;base64,R0lGODlhAQABAIAAAAAAAP///yH5BAEAAAAALAAAAAABAAEAAAIBRAA7",SKU: GE810EA0FXRSFNAFAMZ Model: B16539BRZ=S-MAC-0013P Production Country: China Size (L x W x H cm): 36 x 25 x 2cm Color: Purple Main Material: Multi-Material Warranty Address: N/A, ,Color: Purple,In stock,0 out of 5 (No ratings available),(No ratings available),TRUE,FALSE,computer
Laptop Leather Case For Book Air 11.6 Inch,Shipped from abroad,EGP 521.53,30%,https://www.jumia.com.eg/generic-laptop-leather-case-for-book-air-11.6-inch-37012865.html,"data:image/gif;base64,R0lGODlhAQABAIAAAAAAAP///yH5BAEAAAAALAAAAAABAAEAAAIBRAA7",SKU: GE810EA0XTVF5NAFAMZ Model: B16572YP1=S-MBC-0001Z Production Country: China Size (L x W x H cm): 30 x 20 x 2cm Color: Brown Main Material: Multi-Material Warranty Address: N/A, ,Color: Brown,In stock,0 out of 5 (No ratings available),(No ratings available),FALSE,FALSE,computer
Mintra Printed School Bag With Laptop Pocket - Pink Camo,EGP 379.95,EGP 390.00,3%,https://www.jumia.com.eg/mintra-printed-school-bag-with-laptop-pocket-pink-camo-28272946.html,"data:image/gif;base64,R0lGODlhAQABAIAAAAAAAP///yH5BAEAAAAALAAAAAABAAEAAAIBRAA7",SKU: MI869HL12NM7MNAFAMZ Model: 6221236103691 Color: pink camo Main Material: polyester Shop Type: Jumia Mall, ,Shop Type: Jumia Mall,7 units left,0 out of 5 (No ratings available),Mintra,FALSE,TRUE,computer
Ddc Case For Macbook Pro 14 M1 ( Black ) DDC HardShell,EGP 950.00,,,https://www.jumia.com.eg/ddc-case-for-macbook-pro-14-m1-black-ddc-hardshell-31253861.html,"data:image/gif;base64,R0lGODlhAQABAIAAAAAAAP///yH5BAEAAAAALAAAAAABAAEAAAIBRAA7",SKU: DD571EA0A0U4TNAFAMZ Model: Case for Macbook Pro 14 M1 ( Black ) DDC HardShell Production Country: China Size (L x W x H cm): ‎30.48 x 21.59 x 1.52 cm; 322 Grams Color: black Main Material: plastic, ,Color: black,6 units left,0 out of 5 (No ratings available),Ddc,FALSE,FALSE,computer
Frosted Plastic Case For Book Pro 13.3 Inch US Version,Shipped from abroad,EGP 698.00,30%,https://www.jumia.com.eg/generic-frosted-plastic-case-for-book-pro-13.3-inch-us-version-31147361.html,"data:image/gif;base64,R0lGODlhAQABAIAAAAAAAP///yH5BAEAAAAALAAAAAABAAEAAAIBRAA7",SKU: GE810EA09QYCHNAFAMZ Model: B16572LNK=S-MBC-2907L Production Country: China Size (L x W x H cm): 38 x 23 x 2cm Color: Blue Main Material: Multi-Material Warranty Address: N/A, ,Color: Blue,In stock,0 out of 5 (No ratings available),(No ratings available),TRUE,FALSE,computer
Starry Sky Patterns PC Case For Book Pro 15.4 Inch,Shipped from abroad,"EGP 1,084.00",30%,https://www.jumia.com.eg/generic-starry-sky-patterns-pc-case-for-book-pro-15.4-inch-30996038.html,"data:image/gif;base64,R0lGODlhAQABAIAAAAAAAP///yH5BAEAAAAALAAAAAABAAEAAAIBRAA7",SKU: GE810EA1DGH5BNAFAMZ Model: B16570QCG=MBC1009L Production Country: China Size (L x W x H cm): 37 x 26 x 2cm Color: Blue Main Material: Multi-Material Warranty Address: N/A, ,Color: Blue,In stock,0 out of 5 (No ratings available),(No ratings available),FALSE,FALSE,computer
For Book Pro 13.3 A2251/A2289/A2338 EU Version 3 In 1,Shipped from abroad,EGP 970.00,30%,https://www.jumia.com.eg/generic-for-book-pro-13.3-a2251a2289a2338-eu-version-3-in-1-30997758.html,"data:image/gif;base64,R0lGODlhAQABAIAAAAAAAP///yH5BAEAAAAALAAAAAABAAEAAAIBRAA7",SKU: GE810EA1F2K73NAFAMZ Model: B165689QZ=SYA001414101I Production Country: China Size (L x W x H cm): 32 x 23 x 3cm Color: Transparent Main Material: Multi-Material Warranty Address: N/A, ,Color: Transparent,In stock,0 out of 5 (No ratings available),(No ratings available),FALSE,FALSE,computer
Ddc Case For Macbook Air 13 M1 ( Clear ) DDC HardShell,EGP 790.00,,,https://www.jumia.com.eg/ddc-case-for-macbook-air-13-m1-clear-ddc-hardshell-31253880.html,"data:image/gif;base64,R0lGODlhAQABAIAAAAAAAP///yH5BAEAAAAALAAAAAABAAEAAAIBRAA7",SKU: DD571EA059DALNAFAMZ Model: Case for Macbook Air 13 M1 ( Clear ) DDC HardShell Production Country: China Size (L x W x H cm): ‎30.48 x 21.59 x 1.52 cm; 322 Grams Color: Clear Main Material: High quality plastic, ,Color: Clear,5 units left,0 out of 5 (No ratings available),Ddc,FALSE,FALSE,computer
Ddc Case For Macbook Pro 13 M1/M2 / Carbon Black DDC HardShell,EGP 790.00,,,https://www.jumia.com.eg/ddc-case-for-macbook-pro-13-m1m2-carbon-black-ddc-hardshell-40105197.html,"data:image/gif;base64,R0lGODlhAQABAIAAAAAAAP///yH5BAEAAAAALAAAAAABAAEAAAIBRAA7",SKU: DD571EA1B4GM0NAFAMZ Model: Case for Macbook Pro 13 M1/M2 / Carbon Black DDC HardShell Production Country: China Size (L x W x H cm): ‎30.48 x 21.59 x 1.52 cm; 322 Grams Color: Carbon Black Main Material: High quality plastic, ,Color: Carbon Black,5 units left,0 out of 5 (No ratings available),Ddc,FALSE,FALSE,computer
Ddc Case For Macbook Pro 13 M1/M2 Carbon Clear DDC HardShell,EGP 790.00,,,https://www.jumia.com.eg/ddc-case-for-macbook-pro-13-m1m2-carbon-clear-ddc-hardshell-40105195.html,"data:image/gif;base64,R0lGODlhAQABAIAAAAAAAP///yH5BAEAAAAALAAAAAABAAEAAAIBRAA7",SKU: DD571EA0Z7SIGNAFAMZ Model: Case for Macbook Pro 13 M1/M2 Carbon Clear DDC HardShell Production Country: China Size (L x W x H cm): ‎30.48 x 21.59 x 1.52 cm; 322 Grams Color: Carbon Clear Main Material: High quality plastic, ,Color: Carbon Clear,5 units left,0 out of 5 (No ratings available),Ddc,TRUE,FALSE,computer
PC + TPU Case For Book Pro 16 Inch A2141,Shipped from abroad,"EGP 1,627.00",30%,https://www.jumia.com.eg/generic-pc-tpu-case-for-book-pro-16-inch-a2141-30993808.html,"data:image/gif;base64,R0lGODlhAQABAIAAAAAAAP///yH5BAEAAAAALAAAAAABAAEAAAIBRAA7",SKU: GE810EA1C4OGVNAFAMZ Model: B165689QZ=MBC6706H Production Country: China Size (L x W x H cm): 45 x 31 x 3cm Color: Grey Main Material: Multi-Material Warranty Address: N/A, ,Color: Grey,In stock,0 out of 5 (No ratings available),(No ratings available),FALSE,FALSE,computer
Arctic Hunter B00345 15.6-inch Business Travel Backpack Laptop Bag With USB Port - Black,"EGP 1,788.00","EGP 1,987.00",10%,https://www.jumia.com.eg/b00345-15.6-inch-business-travel-backpack-laptop-bag-with-usb-port-black-arctic-hunter-mpg818782.html,"data:image/gif;base64,R0lGODlhAQABAIAAAAAAAP///yH5BAEAAAAALAAAAAABAAEAAAIBRAA7",SKU: AR798EA1NI4HDNAFAMZ Model: B00345 Size (L x W x H cm): 41*30*15 CM Color: BLACK Main Material: Polyester, ,Main Material: Polyester,4 units left,4.5 out of 5 (38 verified ratings),Arctic Hunter,FALSE,FALSE,computer
"Arctic Hunter B00461 New Unisex Fashion Anti-Theft High Quality 15.6-Inch Laptop Backpack Bag, Black","EGP 1,542.00","EGP 1,623.00",5%,https://www.jumia.com.eg/arctic-hunter-b00461-new-unisex-fashion-anti-theft-high-quality-15.6-inch-laptop-backpack-bag-black-25270680.html,"data:image/gif;base64,R0lGODlhAQABAIAAAAAAAP///yH5BAEAAAAALAAAAAABAAEAAAIBRAA7",SKU: AR798EA054HECNAFAMZ Model: AH-B00461 Production Country: China Size (L x W x H cm): 50*30*20 Color: Black Main Material: Oxford Cloth PU Coating / Microfiber, ,Color: Black,In stock,0 out of 5 (No ratings available),Arctic Hunter,FALSE,FALSE,computer
Kingsons BACKPACK KS9053,EGP 300.00,,,https://www.jumia.com.eg/kingsons-backpack-ks9053-30842458.html,"data:image/gif;base64,R0lGODlhAQABAIAAAAAAAP///yH5BAEAAAAALAAAAAABAAEAAAIBRAA7",SKU: KI994EA1EUY77NAFAMZ Model: KS9053 Color: blue, ,Color: blue,Few units left,0 out of 5 (No ratings available),Kingsons,TRUE,TRUE,computer
Kingsons KS3077W Backpack 15.6-inch - Black,EGP 850.00,,,https://www.jumia.com.eg/kingsons-ks3077w-backpack-15.6-inch-black-30876188.html,"data:image/gif;base64,R0lGODlhAQABAIAAAAAAAP///yH5BAEAAAAALAAAAAABAAEAAAIBRAA7",SKU: KI994EA1GHQPNNAFAMZ Model: ks3077 Size (L x W x H cm): 50 40 60 Color: BLACK Main Material: nylon,as well as a seperate iPad/tablet sleeve. The front compartment contains,Main Material: nylon,Few units left,0 out of 5 (No ratings available),Kingsons,FALSE,FALSE,computer
Kingsons K9009 Smart Tablet Bag - 10.1-inch - Black,EGP 350.00,,,https://www.jumia.com.eg/kingsons-k9009-smart-tablet-bag-10.1-inch-black-30876184.html,"data:image/gif;base64,R0lGODlhAQABAIAAAAAAAP///yH5BAEAAAAALAAAAAABAAEAAAIBRAA7",SKU: KI994EA0SOEIJNAFAMZ Model: 9009 Size (L x W x H cm): 20 x 17.4 x 12.8 cm Color: BLACK Main Material: nylon, ,Main Material: nylon,5 units left,0 out of 5 (No ratings available),Kingsons,FALSE,FALSE,computer
Egybox ND3 Shoulder Bag - Brown,EGP 300.00,,,https://www.jumia.com.eg/egybox-nd3-shoulder-bag-brown-30876194.html,"data:image/gif;base64,R0lGODlhAQABAIAAAAAAAP///yH5BAEAAAAALAAAAAABAAEAAAIBRAA7",SKU: EG046EA0T9U4BNAFAMZ Model: ND3 Size (L x W x H cm): 104*57*37.8 Color: brown Main Material: nylon, ,Main Material: nylon,Few units left,0 out of 5 (No ratings available),Egybox,FALSE,FALSE,computer
Egybox LELE SHOULDER BAG,EGP 349.00,,,https://www.jumia.com.eg/egybox-lele-shoulder-bag-30876193.html,"data:image/gif;base64,R0lGODlhAQABAIAAAAAAAP///yH5BAEAAAAALAAAAAABAAEAAAIBRAA7",SKU: EG046EA0NBI2JNAFAMZ Model: LELE Size (L x W x H cm): 104*57*37.8 Color: GRAY Main Material: nylon, ,Main Material: nylon,Few units left,0 out of 5 (No ratings available),Egybox,FALSE,FALSE,computer
"15.6-inch Laptop Business School Travel Waterproof Backpack Bag USB Out-port, BLACK.",EGP 300.00,,,https://www.jumia.com.eg/generic-15.6-inch-laptop-business-school-travel-waterproof-backpack-bag-usb-out-port-black.-37757336.html,"data:image/gif;base64,R0lGODlhAQABAIAAAAAAAP///yH5BAEAAAAALAAAAAABAAEAAAIBRAA7","SKU: GE810EA11QD25NAFAMZ Production Country: China, Egypt Size (L x W x H cm): 43*30*16 Color: Black Main Material: Nylon", ,Main Material: Nylon,In stock,4 out of 5 (9 verified ratings),(9 verified ratings),FALSE,FALSE,computer
Large Capacity Student Laptop Multifunction Travel School Backpack Bag,EGP 300.00,,,https://www.jumia.com.eg/generic-large-capacity-student-laptop-multifunction-travel-school-backpack-bag-26248682.html?seller_product=1,https://eg.jumia.is/unsafe/fit-in/300x300/filters:fill(white)/product/28/684262/1.jpg?6932,"SKU: GE810EA0H2SX2NAFAMZ Model: ZH-176 Production Country: China, Egypt Size (L x W x H cm): 45*32*14 Color: black Main Material: leather", ,Color: black,In stock,3 out of 5 (2 verified ratings),(2 verified ratings),FALSE,TRUE,computer
"Arctic Hunter B00536 15.6-Inch Laptop Casual Multi-Function Oxford Waterproof Backpack Bag, Black","EGP 1,095.00","EGP 1,217.00",10%,https://www.jumia.com.eg/arctic-hunter-b00536-15.6-inch-laptop-casual-multi-function-oxford-waterproof-backpack-bag-black-37808030.html,https://eg.jumia.is/unsafe/fit-in/300x300/filters:fill(white)/product/03/080873/1.jpg?1426,"SKU: AR798EA01U17TNAFAMZ Model: B00536 Production Country: China, Egypt Size (L x W x H cm): 45*31*15 Color: Black Main Material: Polyester", ,Color: Black,Few units left,0 out of 5 (No ratings available),Arctic Hunter,FALSE,FALSE,computer
"Bamm Laptop Case Natural Leather 13.3 ,15 ,17 Inch For Apple Mac And All Slim Laptop","EGP 550.00 - EGP 1,400.00","EGP 1,400.00",61%,https://www.jumia.com.eg/bamm-laptop-case-natural-leather-13.3-15-17-inch-for-apple-mac-and-all-slim-laptop-22235370.html,https://eg.jumia.is/unsafe/fit-in/300x300/filters:fill(white)/product/07/353222/1.jpg?7184,SKU: BA716EA04DLS6NAFAMZ Model: 5002 Production Country: Egypt Size (L x W x H cm): 25 cm x 35 cm Color: black Main Material: natural leather, ,Color: black,8 units left,5 out of 5 (1 verified rating),Bamm,FALSE,FALSE,computer
Kingsons K9022W Shoulder Bag - Black,EGP 625.00,,,https://www.jumia.com.eg/kingsons-k9022w-shoulder-bag-black-30876197.html,https://eg.jumia.is/unsafe/fit-in/300x300/filters:fill(white)/product/79/167803/1.jpg?0773,SKU: KI994EA1B4U9NNAFAMZ Model: 9022 Size (L x W x H cm): 104*57*37.8 Color: black Main Material: nylon, ,Main Material: nylon,Few units left,0 out of 5 (No ratings available),Kingsons,FALSE,FALSE,computer
