name,price,old price,sale,url,image,SPECIFICATIONS,KEY FEATURES,rating,brand,is_best_seller,new release,productCategory
Air Walk Black Ribbed Ankles Branded Left Pocket Sweatpants,EGP 179.00,EGP 399.00,55%,https://www.jumia.com.eg/air-walk-black-ribbed-ankles-branded-left-pocket-sweatpants-34155098.html,https://eg.jumia.is/unsafe/fit-in/300x300/filters:fill(white)/product/89/055143/1.jpg?5527,SKU: AI363MW1H0RDZNAFAMZ Model: APP/AIRWAL/PNT-FW22-329165J Color: Black Main Material: Cotton,Our Model Is wearing Size 8 Cotton Material Regular Fit Plain Pattern Elastic Waist With Drawstring,4.3 out of 5 (3 verified ratings),Air Walk,TRUE,FALSE,sport
Mothercare JG VV WHITE BIRD APPLIQUE JOGGER,EGP 305.00,EGP 820.00,63%,https://www.jumia.com.eg/mothercare-jg-vv-white-bird-applique-jogger-37362948.html,https://eg.jumia.is/unsafe/fit-in/300x300/filters:fill(white)/product/84/926373/1.jpg?2195,SKU: BR079MW1EK9LXNAFAMZ Model: BA931 Production Country: China Color: WHITE Main Material: 100% cotton loop back jersey Care Label: machine washable,"This bright, colourful, tropical bird has landed on our comfy, cotton joggers to join in summer adventures. A wide, stretchy waistband makes them easy to pull on and a handy cord adjusts for the perfect fit.",0 out of 5 (No ratings available),Mothercare,FALSE,FALSE,sport
Mothercare JG MC 3PK CROPPED LEGGING LILAC/BLUE/GREEN STP,EGP 275.00,EGP 850.00,68%,https://www.jumia.com.eg/mothercare-jg-mc-3pk-cropped-legging-lilacbluegreen-stp-37362932.html,https://eg.jumia.is/unsafe/fit-in/300x300/filters:fill(white)/product/23/926373/1.jpg?2651,"SKU: BR079MW0E8TPHNAFAMZ Model: BC718 Production Country: Bangladesh Color: Multicolour Main Material: 95% cotton,5% elastane Care Label: machine washable",JG MC 3PK CROPPED LEGGING LILAC/BLUE/GREEN STP,0 out of 5 (No ratings available),Mothercare,FALSE,FALSE,sport
Mothercare JG MC GREY MARL LEGGING WITH SEQ STRIPE,EGP 199.00,EGP 460.00,57%,https://www.jumia.com.eg/mothercare-jg-mc-grey-marl-legging-with-seq-stripe-37362953.html,https://eg.jumia.is/unsafe/fit-in/300x300/filters:fill(white)/product/35/926373/1.jpg?2771,"SKU: BR079MW0LE0YTNAFAMZ Model: BC719 Production Country: India Color: GREY Main Material: 95% cotton , 5% elastane Care Label: machine washable","Leggings, but better! With a wide waistband, these high-waisted leggings are made from cotton jersey with a little added stretch to keep them comfy. Sparkly stripes add a little glitz!",0 out of 5 (No ratings available),Mothercare,FALSE,FALSE,sport
Atum Girl's Marble Leggings,,,,https://www.jumia.com.eg/atum-girls-marble-leggings-44090583.html,https://eg.jumia.is/unsafe/fit-in/300x300/filters:fill(white)/product/38/509044/1.jpg?9944,"SKU: AT566MW0MXDRONAFAMZ Model: 1065 Production Country: Egypt Color: black Main Material: 80% Microfiber, 20% Lycra Shop Type: Jumia Mall","Playing, Jumping, doing yoga, or even running. Here are your new leggings that will support you with a trendy touch. Model size : 12.  material:  80% Microfiber, 20% Lycra .    ",0 out of 5 (No ratings available),Atum,TRUE,TRUE,sport
Atum Girl's Panda T-shirt,,,,https://www.jumia.com.eg/atum-girls-panda-t-shirt-44090586.html,https://eg.jumia.is/unsafe/fit-in/300x300/filters:fill(white)/product/68/509044/1.jpg?0006,"SKU: AT566MW14SDX0NAFAMZ Model: 0683 Production Country: Egypt Color: MINT Main Material: 95% Cotton, 5% Lycra Shop Type: Jumia Mall","Panda graphic printed on your new favorite t-shirt. Be ready for your GAME. Material: 95% Cotton, 5% Lycra Model size: 12",0 out of 5 (No ratings available),Atum,FALSE,FALSE,sport
Air Walk Sports Sweatpants With Inner Fleece Material - Black & Grey,EGP 179.00,EGP 399.00,55%,https://www.jumia.com.eg/air-walk-sports-sweatpants-with-inner-fleece-material-black-grey-34969262.html,https://eg.jumia.is/unsafe/fit-in/300x300/filters:fill(white)/product/26/296943/1.jpg?5065,SKU: AI363MW0FNMUNNAFAMZ Model: APP/AIRWAL/PNT-FW22-329161J Production Country: Egypt Color: Multicolour Main Material: Cotton,Our Model Is wearing Size L Cotton Material Regular fit Solid pattern Elastic Waist With Adjustable Drawstrings,3.3 out of 5 (3 verified ratings),Air Walk,TRUE,FALSE,sport
Rotana Gym Trousers Are Excellent,EGP 700.00 86%,EGP 700.00,86%,https://www.jumia.com.eg/rotana-gym-trousers-are-excellent-32309876.html,https://eg.jumia.is/unsafe/fit-in/300x300/filters:fill(white)/product/67/890323/1.jpg?9633,SKU: RO531MW14F4IBNAFAMZ Production Country: Egypt Size (L x W x H cm): N/A Color: Black Main Material: Microfiber Care Label: الغسيل في الغساله,one piece Microfiber processor material Suitable for winter and summerThe finest raw materials with the testimony of customers Track pants A brand with a history in Egypt Its price is suitable for everyoneMade in EgyptUniform size for all women from 50 kg to 85 kgIt's washed with a washing machine.Easy to wear,4.4 out of 5 (23 verified ratings),Rotana,FALSE,FALSE,sport
Nileton Sportswear - Sport Leggings Pants With Pocket - Black,EGP 275.00 22%,EGP 275.00,22%,https://www.jumia.com.eg/nileton-sportswear-sport-leggings-pants-with-pocket-black-23770922.html,https://eg.jumia.is/unsafe/fit-in/300x300/filters:fill(white)/product/22/907732/1.jpg?4784,SKU: NI597MW0DMZPWNAFAMZ Model: 1003 Production Country: Egypt Color: Black Main Material: 88% Polyester - 12 % Lycra,"True to size, take your usual size profile leg bands for stay-in-place comfort Slip on Made of the finest raw materials It has the ability to absorb sweat and prevent unpleasant odors Best-in-class wearing comfort is delivered with the high-quality fabric Ideal for regular use Sizes	36	38	40	42	44	46 S	M	L	XL	XXL	3XL Waist (cm)	68	72	76	80	86	92 Hip (cm)	94	98	102	106	112	118",4.6 out of 5 (151 verified ratings),Nileton,FALSE,FALSE,sport
Nileton Hip Cover With Sleeves - BLack - For Women,EGP 250.00 30%,EGP 250.00,30%,https://www.jumia.com.eg/nileton-hip-cover-with-sleeves-black-for-women-41393584.html,https://eg.jumia.is/unsafe/fit-in/300x300/filters:fill(white)/product/48/539314/1.jpg?0388,"SKU: NI597MW0SWD6ANAFAMZ Model: 1105 Production Country: Egypt Color: Black Main Material: 88% Polyester , 12% Lycra",Material : 88% Polyester and 12% Lycra Color : Black Pattern Type : Plain perfect length sleeves for a guaranteed fit Super soft Moves with you Regular length Normal wash Form-fitting design with stretch,0 out of 5 (No ratings available),Nileton,FALSE,FALSE,sport
Rotana Woman Yoga Pants- Yoga- Legging - High Waist,EGP 600.00 84%,EGP 600.00,84%,https://www.jumia.com.eg/rotana-woman-yoga-pants-yoga-legging-high-waist-32309894.html,https://eg.jumia.is/unsafe/fit-in/300x300/filters:fill(white)/product/49/890323/1.jpg?2944,SKU: RO531MW0TPBMBNAFAMZ Model: 500-P Production Country: Egypt Size (L x W x H cm): N/A Color: Black Main Material: Microfiber Care Label: الغسيل في الغساله,one piece Microfiber processor material Suitable for winter and summerThe finest raw materials with the testimony of customers Track pants A brand with a history in Egypt Its price is suitable for everyoneMade in EgyptUniform size for all women from 50 kg to 85 kgIt's washed with a washing machine.Easy to wear ,5 out of 5 (2 verified ratings),Rotana,TRUE,TRUE,sport
Defacto Woman NBA Los Angeles Lakers Licenced High Waist Biker Tights,EGP 119.00,EGP 299.00,60%,https://www.jumia.com.eg/defacto-woman-nba-los-angeles-lakers-licenced-high-waist-biker-tights-23574592.html,https://eg.jumia.is/unsafe/fit-in/300x300/filters:fill(white)/product/29/547532/1.jpg?3634,SKU: DE196MW0HLB0SNAFAMZ Model: V9229AZ-21 AU-BK27 Production Country: Turkey Color: BLACK Main Material: Cotton Blend,"Measurements of the model: Height:1,73,Chest:80,Waist:60,Hip:90,Sample Size:S Gender:Woman Buyer Group:Knitted Bottom Colour Family:Black Fit:Cycling ShellFabric1 Elastane 10% Polyester 90%",5 out of 5 (2 verified ratings),Defacto,FALSE,FALSE,sport
Nileton Half Zipper Sport Top Long Sleeves - Navy,EGP 350.00 39%,EGP 350.00,39%,https://www.jumia.com.eg/nileton-half-zipper-sport-top-long-sleeves-navy-41949213.html,https://eg.jumia.is/unsafe/fit-in/300x300/filters:fill(white)/product/31/294914/1.jpg?6412,SKU: NI597MW0IMRB6NAFAMZ Model: 1106 Production Country: Egypt Color: Navy Main Material: 88% Polyester and 12% Lycra,"Material :88% Polyester and 12% Lycra Color :Navy Sleeve Length: Long Sleeve Made in Egypt Normal wash True to size, take your usual size It Doesn’t shrink or stretch out Made of the finest raw materials Ideal for regular use Delivery 2-3 working days",0 out of 5 (No ratings available),Nileton,FALSE,FALSE,sport
Rotana Sport Pants For Woman - Rotana,EGP 600.00 84%,EGP 600.00,84%,https://www.jumia.com.eg/rotana-sport-pants-for-woman-rotana-33215425.html,https://eg.jumia.is/unsafe/fit-in/300x300/filters:fill(white)/product/52/451233/1.jpg?3005,SKU: RO531FA0V87MPNAFAMZ Model: 404H Production Country: Egypt Size (L x W x H cm): N/A Color: black Main Material: microfiber Care Label: الغسيل في الغساله,one piece Microfiber processor material Suitable for winter and summerThe finest raw materials with the testimony of customers Track pants A brand with a history in Egypt Its price is suitable for everyoneMade in EgyptUniform size for all women from 50 kg to 85 kgIt's washed with a washing machine.Easy to wear    ,4 out of 5 (6 verified ratings),Rotana,FALSE,FALSE,sport
Sweatpants With Side Pockets And Elastic Waist - Dark Grey,EGP 500.00 54%,EGP 500.00,54%,https://www.jumia.com.eg/generic-sweatpants-with-side-pockets-and-elastic-waist-dark-grey-32117899.html,https://eg.jumia.is/unsafe/fit-in/300x300/filters:fill(white)/product/99/871123/1.jpg?9457,SKU: GE810MW1NGL1VNAFAMZ Model: sw15 Color: Grey Main Material: Cotton,Our Model Is wearing Size M 100% Cotton Regular fit Solid pattern Elastic Waist With Drawstring,5 out of 5 (5 verified ratings),(5 verified ratings),FALSE,FALSE,sport
ADIDAS Essentials Single Jersey 3-Stripes Full-Zip Hoodie Women,EGP 989.00,"EGP 1,999.00",51%,https://www.jumia.com.eg/adidas-essentials-single-jersey-3-stripes-full-zip-hoodie-women-28955227.html,https://eg.jumia.is/unsafe/fit-in/300x300/filters:fill(white)/product/72/255982/1.jpg?0247,SKU: AD537MW170P2MNAFAMZ Model: H07839 Color: BLUE Main Material: 93% Cotton/7% Elasthane Shop Type: Jumia Mall,"  Regular fit   Full zip with drawcord-adjustable hood   93% cotton, 7% elastane single jersey   Kangaroo pockets  ",3 out of 5 (1 verified rating),ADIDAS,FALSE,TRUE,sport
Sportswear - High Waist Sport Leggings - Pants - Turkey,,,,https://www.jumia.com.eg/generic-sportswear-high-waist-sport-leggings-pants-turkey-31065391.html,https://eg.jumia.is/unsafe/fit-in/300x300/filters:fill(white)/product/19/356013/1.jpg?4049,SKU: GE810MW0BIV71NAFAMZ Model: 413 Production Country: Turkey Color: multicolor Main Material: 90% cotton 10% lycra Care Label: الغسيل بالطريقة المعتادة,"  The size is suitable for the body, Keeps skin soft and dry made in Turkey easy to wear S.M wears up to 65 kilos L.XL wears up to 80 kilos",0 out of 5 (No ratings available),(No ratings available),FALSE,FALSE,sport
Aerie Real Me Boybrief Underwear,EGP 95.00,EGP 250.00,62%,https://www.jumia.com.eg/aerie-real-me-boybrief-underwear-21169240.html,https://eg.jumia.is/unsafe/fit-in/300x300/filters:fill(white)/product/04/296112/1.jpg?5649,SKU: AM423MW02K2WGNAFAMZ Model: U-2776-6112-153 1000 Production Country: Vietnam Color: Natural Nude Main Material: 80% Nylon 20% Elastane,Material: 80% Nylon 20% Elastane Gender: Women Item DescriptionAerie Real Me Boybrief Underwear Color: Natural Nude,0 out of 5 (No ratings available),Aerie,FALSE,FALSE,sport
ADIDAS Aeroready Designed To Move Sport T-Shirt Men,EGP 617.00,EGP 949.00,35%,https://www.jumia.com.eg/adidas-aeroready-designed-to-move-sport-t-shirt-men-28955222.html,https://eg.jumia.is/unsafe/fit-in/300x300/filters:fill(white)/product/22/255982/1.jpg?9799,SKU: AD537MW0D90TQNAFAMZ Model: GM5509 Color: white Main Material: 100% rec polyester Shop Type: Jumia Mall,  Made of 100% Recycled Polyester   Crewneck   Moisture-absorbing   Angled side seams   Forward shoulder seams   Short sleeves  ,3.5 out of 5 (2 verified ratings),ADIDAS,FALSE,FALSE,sport
American Eagle Fleece Sweatpant,EGP 500.00,"EGP 1,000.00",50%,https://www.jumia.com.eg/american-eagle-fleece-sweatpant-38687545.html,https://eg.jumia.is/unsafe/fit-in/300x300/filters:fill(white)/product/54/578683/1.jpg?8625,"SKU: AM423MW0WHT6JNAFAMZ Model: 130027824 Color: HEATHER GRAY Main Material: 80% Cotton, 20% Polyester",Comfort where it counts.,5 out of 5 (2 verified ratings),American Eagle,FALSE,FALSE,sport
Umbro AL AHLY 21-22 AWAY FAN SHORTS C IN BLACK,EGP 69.00,EGP 280.00,75%,https://www.jumia.com.eg/umbro-al-ahly-21-22-away-fan-shorts-c-in-black-32338527.html,https://eg.jumia.is/unsafe/fit-in/300x300/filters:fill(white)/product/72/583323/1.jpg?3248,SKU: UM673FC177PNFNAFAMZ Model: A6521UF-BLK Production Country: Egypt Size (L x W x H cm): 25 x 35 x 10 Color: BLACK Main Material: 100% Polyester Care Label: MACHINE WASHABLE Shop Type: Jumia Mall,Soft and comfortable polyester fabric - Al Ahly football club crest on front - Breathable mesh panel on reverse,4.8 out of 5 (5 verified ratings),Umbro,FALSE,TRUE,sport
ADIDAS Aeroready Designed To Move Sport T-Shirt Men,EGP 569.00,EGP 949.00,40%,https://www.jumia.com.eg/adidas-aeroready-designed-to-move-sport-t-shirt-men-28196095.html,https://eg.jumia.is/unsafe/fit-in/300x300/filters:fill(white)/product/59/069182/1.jpg?1464,SKU: AD537MW0Z622MNAFAMZ Model: GM2108 Color: Red Main Material: 100% rec polyester Shop Type: Jumia Mall,  Made of 100% Recycled Polyester   Crewneck   Moisture-absorbing   Angled side seams   Forward shoulder seams   Short sleeves  ,3.8 out of 5 (5 verified ratings),ADIDAS,FALSE,FALSE,sport
Umbro AL AHLY 21-22 HOME FAN SHORTS C IN WHITE,EGP 69.00,EGP 280.00,75%,https://www.jumia.com.eg/umbro-al-ahly-21-22-home-fan-shorts-c-in-white-32338531.html,https://eg.jumia.is/unsafe/fit-in/300x300/filters:fill(white)/product/13/583323/1.jpg?3248,SKU: UM673FC0834YJNAFAMZ Model: A6521UF-WHT Production Country: Egypt Size (L x W x H cm): 25 x 35 x 10 Color: WHITE Main Material: 100% Polyester Care Label: MACHINE WASHABLE Shop Type: Jumia Mall,Soft and comfortable polyester fabric - Al Ahly football club crest on front - Breathable mesh panel on reverse,0 out of 5 (No ratings available),Umbro,FALSE,FALSE,sport
Air Walk Sportive Tracksuit With One Stripe Designed Jacket - Navy Blue & Blue,EGP 449.00,EGP 699.00,36%,https://www.jumia.com.eg/air-walk-sportive-tracksuit-with-one-stripe-designed-jacket-navy-blue-blue-34969265.html,https://eg.jumia.is/unsafe/fit-in/300x300/filters:fill(white)/product/56/296943/1.jpg?4659,SKU: AI363MW0XIMZZNAFAMZ Model: APP/AIRWAL/SUT-FW22-329171J Production Country: Egypt Color: Multicolour Main Material: Polyester,Our Model Is wearing Size L 100% Polyester Material Regular fit Long Sleeves Self Pattern Funnel Neck Elastic Waist With Drawstring Fully Zipped Closure,4.5 out of 5 (2 verified ratings),Air Walk,FALSE,FALSE,sport
aZeeZ Black Slim Fit Jogger Sweatpants- 4way Lycra -Black Pants,EGP 450.00 56%,EGP 450.00,56%,https://www.jumia.com.eg/azeez-black-slim-fit-jogger-sweatpants-4way-lycra-black-pants-22813721.html,https://eg.jumia.is/unsafe/fit-in/300x300/filters:fill(white)/product/12/731822/1.jpg?1005,SKU: BR735MW07KVXQNAFAMZ Model: AZSP0550Azeez Production Country: Egypt Color: Black Main Material: Cotton- Lycra,4 way cotton lycra jogger knitted with pure cotton and elastane material to keep you comfortable and relaxed all the day -Anti Bacterial treatment-Stretchy material for better performance Material:Cotton 93%Elastane 7% Made in Egypt ,4.1 out of 5 (35 verified ratings),aZeeZ,FALSE,FALSE,sport
"Pavone Stripes & Crabs Pattern Elastic Waist White, Lime Green & Indigo Swim Shorts",EGP 500.00 50%,EGP 500.00,50%,https://www.jumia.com.eg/pavone-stripes-crabs-pattern-elastic-waist-white-lime-green-indigo-swim-shorts-39930693.html,https://eg.jumia.is/unsafe/fit-in/300x300/filters:fill(white)/product/39/603993/1.jpg?0465,SKU: PA322MW0NKUMXNAFAMZ Model: 255 Color: Multicolour Main Material: Polyester,Our Model Is wearing Size L Polyester Material Regular fit Self pattern Elastic Waist With Drawstring,0 out of 5 (No ratings available),Pavone,FALSE,FALSE,sport
Diadora Sportiv Pants For Men - NVY/Blue,EGP 590.00 50%,EGP 590.00,50%,https://www.jumia.com.eg/diadora-sportiv-pants-for-men-nvyblue-2850871.html,https://eg.jumia.is/unsafe/fit-in/300x300/filters:fill(white)/product/17/80582/1.jpg?1535,SKU: DI391FA0ALN24NAFAMZ Model: 218104-NVY/Blue Production Country: China Color: Navy Blue Main Material: Polyester,100% Polyester elasticated waist drawstring fastening  Slip on 2 side pockets Embriodered Diadora  brand logo,4 out of 5 (4 verified ratings),Diadora,FALSE,FALSE,sport
Caesar Elastic Waist With Baggy Sweatpants - Blue,EGP 161.00,EGP 361.00,55%,https://www.jumia.com.eg/caesar-elastic-waist-with-baggy-sweatpants-blue-24649644.html,https://eg.jumia.is/unsafe/fit-in/300x300/filters:fill(white)/product/44/694642/1.jpg?2699,SKU: BR241MW0QLYLUNAFAMZ Model: 6435 Production Country: Egypt Color: blue Main Material: Cotton,Our Model Is wearing Size L Cotton Material Regular fit Elastic Waist With Drawstring Solid pattern Slip On  baggy,4.5 out of 5 (4 verified ratings),Caesar,FALSE,FALSE,sport
ADIDAS Aeroready Designed To Move Sport T-Shirt Men,EGP 475.00,EGP 949.00,50%,https://www.jumia.com.eg/adidas-aeroready-designed-to-move-sport-t-shirt-men-28955218.html,https://eg.jumia.is/unsafe/fit-in/500x500/filters:fill(white)/product/81/255982/1.jpg?0248,  Made of 100% Recycled Polyester   Crewneck   Moisture-absorbing   Angled side seams   Forward shoulder seams   Short sleeves  ,SKU: AD537MW1CDLIMNAFAMZ Model: GM2090 Color: black Main Material: 100% rec polyester Shop Type: Jumia Mall,4.7 out of 5 (3 verified ratings),ADIDAS,TRUE,FALSE,sport
ADIDAS Aeroready Designed To Move Sport T-Shirt Men,EGP 475.00,EGP 949.00,50%,https://www.jumia.com.eg/adidas-aeroready-designed-to-move-sport-t-shirt-men-28196095.html,https://eg.jumia.is/unsafe/fit-in/500x500/filters:fill(white)/product/59/069182/1.jpg?1464,  Made of 100% Recycled Polyester   Crewneck   Moisture-absorbing   Angled side seams   Forward shoulder seams   Short sleeves  ,SKU: AD537MW0Z622MNAFAMZ Model: GM2108 Color: Red Main Material: 100% rec polyester Shop Type: Jumia Mall,3.8 out of 5 (5 verified ratings),ADIDAS,FALSE,FALSE,sport
Umbro AL AHLY 21-22 AWAY FAN SHORTS C IN BLACK,EGP 69.00,EGP 280.00,75%,https://www.jumia.com.eg/umbro-al-ahly-21-22-away-fan-shorts-c-in-black-32338527.html,https://eg.jumia.is/unsafe/fit-in/500x500/filters:fill(white)/product/72/583323/1.jpg?3248,Soft and comfortable polyester fabric - Al Ahly football club crest on front - Breathable mesh panel on reverse,SKU: UM673FC177PNFNAFAMZ Model: A6521UF-BLK Production Country: Egypt Size (L x W x H cm): 25 x 35 x 10 Color: BLACK Main Material: 100% Polyester Care Label: MACHINE WASHABLE Shop Type: Jumia Mall,4.8 out of 5 (5 verified ratings),Umbro,FALSE,FALSE,sport
Caesar Elastic Waist With Line Baggy Sweatpants - Black,EGP 154.00 - EGP 169.00,EGP 361.00,57%,https://www.jumia.com.eg/caesar-elastic-waist-with-line-baggy-sweatpants-black-21394639.html,https://eg.jumia.is/unsafe/fit-in/500x500/filters:fill(white)/product/93/649312/1.jpg?7645,Our Model Is wearing Size L Cotton Material Regular fit Elastic Waist With Drawstring Solid pattern accessories variable Slip On  ,SKU: BR241MW1JR89SNAFAMZ Model: 3491 Production Country: Egypt Color: black Main Material: Cotton,4.3 out of 5 (24 verified ratings),Caesar,FALSE,FALSE,sport
American Eagle Fleece Sweatpant,EGP 495.00,"EGP 1,000.00",51%,https://www.jumia.com.eg/american-eagle-fleece-sweatpant-38687545.html,https://eg.jumia.is/unsafe/fit-in/500x500/filters:fill(white)/product/54/578683/1.jpg?8625,Comfort where it counts.,"SKU: AM423MW0WHT6JNAFAMZ Model: 130027824 Color: HEATHER GRAY Main Material: 80% Cotton, 20% Polyester",5 out of 5 (2 verified ratings),American Eagle,TRUE,TRUE,sport
Umbro AL AHLY 21-22 HOME FAN SHORTS C IN WHITE,EGP 69.00,EGP 280.00,75%,https://www.jumia.com.eg/umbro-al-ahly-21-22-home-fan-shorts-c-in-white-32338531.html,https://eg.jumia.is/unsafe/fit-in/500x500/filters:fill(white)/product/13/583323/1.jpg?3248,Soft and comfortable polyester fabric - Al Ahly football club crest on front - Breathable mesh panel on reverse,SKU: UM673FC0834YJNAFAMZ Model: A6521UF-WHT Production Country: Egypt Size (L x W x H cm): 25 x 35 x 10 Color: WHITE Main Material: 100% Polyester Care Label: MACHINE WASHABLE Shop Type: Jumia Mall,0 out of 5 (No ratings available),Umbro,FALSE,FALSE,sport
aZeeZ Black Slim Fit Jogger Sweatpants- 4way Lycra -Black Pants,EGP 450.00 54%,EGP 450.00,54%,https://www.jumia.com.eg/azeez-black-slim-fit-jogger-sweatpants-4way-lycra-black-pants-22813721.html,https://eg.jumia.is/unsafe/fit-in/500x500/filters:fill(white)/product/12/731822/1.jpg?1005,4 way cotton lycra jogger knitted with pure cotton and elastane material to keep you comfortable and relaxed all the day -Anti Bacterial treatment-Stretchy material for better performance Material:Cotton 93%Elastane 7% Made in Egypt ,SKU: BR735MW07KVXQNAFAMZ Model: AZSP0550Azeez Production Country: Egypt Color: Black Main Material: Cotton- Lycra,4.1 out of 5 (35 verified ratings),aZeeZ,TRUE,FALSE,sport
Air Walk Sportive Tracksuit With One Stripe Designed Jacket - Navy Blue & Blue,EGP 449.00,EGP 699.00,36%,https://www.jumia.com.eg/air-walk-sportive-tracksuit-with-one-stripe-designed-jacket-navy-blue-blue-34969265.html,https://eg.jumia.is/unsafe/fit-in/500x500/filters:fill(white)/product/56/296943/1.jpg?4659,Our Model Is wearing Size L 100% Polyester Material Regular fit Long Sleeves Self Pattern Funnel Neck Elastic Waist With Drawstring Fully Zipped Closure,SKU: AI363MW0XIMZZNAFAMZ Model: APP/AIRWAL/SUT-FW22-329171J Production Country: Egypt Color: Multicolour Main Material: Polyester,4.5 out of 5 (2 verified ratings),Air Walk,FALSE,FALSE,sport
Caesar Detailed MensCasual Sweat Pant,EGP 143.00 - EGP 156.00,EGP 314.00,54%,https://www.jumia.com.eg/caesar-detailed-menscasual-sweat-pant-27178112.html,https://eg.jumia.is/unsafe/fit-in/500x500/filters:fill(white)/product/21/187172/1.jpg?8371,Our Model Is wearing Size L Cotton Material Regular fit Elastic Waist With Drawstring Solid pattern Slip On,SKU: BR241MW0CM44KNAFAMZ Model: 8070 Production Country: Egypt Color: blue Main Material: Cotton,4.2 out of 5 (5 verified ratings),Caesar,FALSE,FALSE,sport
ADIDAS Aeroready Designed To Move Sport 3-Stripes Tank Top Men,EGP 425.00,EGP 849.00,50%,https://www.jumia.com.eg/adidas-aeroready-designed-to-move-sport-3-stripes-tank-top-men-28955221.html,https://eg.jumia.is/unsafe/fit-in/500x500/filters:fill(white)/product/12/255982/1.jpg?0248,  Regular fit   Crewneck   100% recycled polyester mock eyelet     Moisture absorbing   Sleeveless  ,SKU: AD537MW07AORYNAFAMZ Model: GM2158 Color: white Main Material: 100% rec polyester Shop Type: Jumia Mall,5 out of 5 (1 verified rating),ADIDAS,FALSE,FALSE,sport
ADIDAS Aeroready Designed To Move Woven Sport Shorts Men,EGP 540.00,"EGP 1,079.00",50%,https://www.jumia.com.eg/adidas-aeroready-designed-to-move-woven-sport-shorts-men-28196096.html,https://eg.jumia.is/unsafe/fit-in/500x500/filters:fill(white)/product/69/069182/1.jpg?1464,  Regular fit with mid rise   Drawcord on elastic waist   100% recycled polyester plain weave   Moisture-absorbing AEROREADY   Side zip pockets  ,SKU: AD537MW154E4ENAFAMZ Model: GT8162 Color: Navy Blue Main Material: 100% rec polyester Shop Type: Jumia Mall,0 out of 5 (No ratings available),ADIDAS,TRUE,TRUE,sport
Caesar Elastic Waist With Line Baggy Sweatpants - Blue,EGP 154.00 - EGP 169.00,EGP 361.00,57%,https://www.jumia.com.eg/caesar-elastic-waist-with-line-baggy-sweatpants-blue-21394640.html,https://eg.jumia.is/unsafe/fit-in/500x500/filters:fill(white)/product/04/649312/1.jpg?7645,Our Model Is wearing Size L Cotton Material Regular fit Elastic Waist With Drawstring Solid pattern accessories variable Slip On  ,SKU: BR241MW02RNFKNAFAMZ Model: 3492 Production Country: Egypt Color: blue Main Material: Cotton,4.1 out of 5 (10 verified ratings),Caesar,FALSE,FALSE,sport
Defacto Man Black Sweat Shirt,EGP 199.00,EGP 449.00,56%,https://www.jumia.com.eg/defacto-man-black-sweat-shirt-36713127.html,https://eg.jumia.is/unsafe/fit-in/500x500/filters:fill(white)/product/72/131763/1.jpg?2480,"Measurements of the model: Height:1,88,Chest:99,Waist:78,Hip:96,Sample Size:M Gender:Man Buyer Group:Knitted Colour Family:Black Fit:Oversize Fit ShellFabric1 Cotton 62% Polyester 38%",SKU: DE196MW16Y183NAFAMZ Model: T5139AZ-22 AU-BK81 Production Country: Egypt Color: Black Main Material: Mix,5 out of 5 (2 verified ratings),Defacto,FALSE,FALSE,sport
Caesar Elastic Waist With Metal Accessories Baggy Sweatpants - Black,EGP 154.00 - EGP 169.00,EGP 361.00,57%,https://www.jumia.com.eg/caesar-elastic-waist-with-metal-accessories-baggy-sweatpants-black-21394636.html,https://eg.jumia.is/unsafe/fit-in/500x500/filters:fill(white)/product/63/649312/1.jpg?7645,Our Model Is wearing Size L Cotton Material Regular fit Elastic Waist With Drawstring Solid pattern Slip On,SKU: BR241MW11W84GNAFAMZ Model: 3430 Production Country: Egypt Color: black Main Material: Cotton,4.5 out of 5 (10 verified ratings),Caesar,FALSE,FALSE,sport
ADIDAS Aeroready Designed To Move Sport 3-Stripes Tank Top Men,EGP 425.00,EGP 849.00,50%,https://www.jumia.com.eg/adidas-aeroready-designed-to-move-sport-3-stripes-tank-top-men-28955220.html,https://eg.jumia.is/unsafe/fit-in/500x500/filters:fill(white)/product/02/255982/1.jpg?8023,  Regular fit   Crewneck   100% recycled polyester mock eyelet   Moisture absorbing   Sleeveless  ,SKU: AD537MW01CCQ6NAFAMZ Model: GM2130 Color: black Main Material: 100% rec polyester Shop Type: Jumia Mall,4 out of 5 (1 verified rating),ADIDAS,FALSE,FALSE,sport
Caesar Packet Detailed Casual Sweat Pant Blue,EGP 143.00 - EGP 156.00,EGP 314.00,54%,https://www.jumia.com.eg/caesar-packet-detailed-casual-sweat-pant-blue-22639392.html,https://eg.jumia.is/unsafe/fit-in/500x500/filters:fill(white)/product/29/393622/1.jpg?6889,Our Model Is wearing Size L Cotton Material Regular fit Elastic Waist With Drawstring Solid pattern Slip On,SKU: BR241MW0HI09INAFAMZ Model: 111 Production Country: Egypt Color: blue Main Material: Cotton,3.9 out of 5 (31 verified ratings),Caesar,FALSE,TRUE,sport
ADIDAS Aeroready Sereno Cut 3-Stripes Shorts Men,EGP 550.00,"EGP 1,099.00",50%,https://www.jumia.com.eg/adidas-aeroready-sereno-cut-3-stripes-shorts-men-28196097.html,https://eg.jumia.is/unsafe/fit-in/500x500/filters:fill(white)/product/79/069182/1.jpg?1285,  Regular fit   Elastic waist with drawcord   100% recycled polyester interlock   Moisture absorbing  ,SKU: AD537MW1B2Q66NAFAMZ Model: H28919 Color: black Main Material: 100% rec polyester Shop Type: Jumia Mall,0 out of 5 (No ratings available),ADIDAS,FALSE,FALSE,sport
Caesar Elastic Waist With Line Baggy Sweatpants - Grey,EGP 154.00 - EGP 169.00,EGP 361.00,57%,https://www.jumia.com.eg/caesar-elastic-waist-with-line-baggy-sweatpants-grey-21394641.html,https://eg.jumia.is/unsafe/fit-in/500x500/filters:fill(white)/product/14/649312/1.jpg?7645,Our Model Is wearing Size L Cotton Material Regular fit Elastic Waist With Drawstring Solid pattern Slip On Changeable accessories,SKU: BR241MW08PZHCNAFAMZ Model: 3493 Production Country: Egypt Color: light grey Main Material: Cotton,4.7 out of 5 (11 verified ratings),Caesar,FALSE,FALSE,sport
aZeeZ Navy Slim Fit Jogger Sweatpants- 4way Lycra - Navy Pants,EGP 450.00 54%,EGP 450.00,54%,https://www.jumia.com.eg/azeez-navy-slim-fit-jogger-sweatpants-4way-lycra-navy-pants-25011478.html,https://eg.jumia.is/unsafe/fit-in/500x500/filters:fill(white)/product/87/411052/1.jpg?0027,4 way cotton lycra jogger knitted with pure cotton and elastane material to keep you comfortable and relaxed all the day -Anti Bacterial treatment-Stretchy material for better performance Material:Cotton 93%Elastane 7% Made in Egypt ,SKU: BR735MW1G1ISSNAFAMZ Model: AZSP0550Azeez Production Country: Egypt Color: Navy Main Material: Cotton- Lycra,4.1 out of 5 (37 verified ratings),aZeeZ,FALSE,FALSE,sport
Caesar Elastic Waist With Metal Accessories Baggy Sweatpants - Dark Grey,EGP 154.00,EGP 361.00,57%,https://www.jumia.com.eg/caesar-elastic-waist-with-metal-accessories-baggy-sweatpants-dark-grey-21394637.html,https://eg.jumia.is/unsafe/fit-in/500x500/filters:fill(white)/product/73/649312/1.jpg?7645,Our Model Is wearing Size L Cotton Material Regular fit Elastic Waist With Drawstring Solid pattern Slip On,SKU: BR241MW17UK68NAFAMZ Model: 3431 Production Country: Egypt Color: grey Main Material: Cotton,4.8 out of 5 (21 verified ratings),Caesar,FALSE,FALSE,sport
aZeeZ Black Quick Dry Breathable Athletic Sports Sweatpant - Black Pants,EGP 450.00 54%,EGP 450.00,54%,https://www.jumia.com.eg/azeez-black-quick-dry-breathable-athletic-sports-sweatpant-black-pants-22340072.html,https://eg.jumia.is/unsafe/fit-in/500x500/filters:fill(white)/product/27/004322/1.jpg?5911,Athletic Sweat Pant knitted with poly amide Lycra material to keep you dry and perform better  -Anti Bacterial treatment-Quick Dry Anti wicking hydrophilic technique -Stretchy material for better performance Material:Poly amide 88%Elastane 12% Made in Egypt ,SKU: BR735MW0G2SO2NAFAMZ Model: AZSP0340Azeez Production Country: Egypt Size (L x W x H cm): 17 x21 x 1 Color: Black Main Material: Polyamid Lycra Care Label: Made in Egypt&nbsp; Shop Type: Jumia Mall/Food,4 out of 5 (36 verified ratings),aZeeZ,FALSE,TRUE,sport
Diadora Sportiv Pants For Men - Nvy/Lime,EGP 590.00 50%,EGP 590.00,50%,https://www.jumia.com.eg/diadora-sportiv-pants-for-men-nvylime-2850868.html,https://eg.jumia.is/unsafe/fit-in/500x500/filters:fill(white)/product/86/80582/1.jpg?1532,100% Polyester elasticated waist drawstring fastening  Slip on 2 side pockets Embriodered Diadora  brand logo,SKU: DI391FA1FOJSSNAFAMZ Model: 218104-Nvy/Lime Production Country: China Color: Nvy/Lime Main Material: Polyester,4.6 out of 5 (9 verified ratings),Diadora,FALSE,FALSE,sport
Caesar Elastic Waist With Metal Accessories Baggy Sweatpants - Blue,EGP 154.00,EGP 361.00,57%,https://www.jumia.com.eg/caesar-elastic-waist-with-metal-accessories-baggy-sweatpants-blue-21394448.html,https://eg.jumia.is/unsafe/fit-in/500x500/filters:fill(white)/product/84/449312/1.jpg?7587,Our Model Is wearing Size L Cotton Material Regular fit Elastic Waist With Drawstring Solid pattern Slip On,SKU: BR241MW1EA1I8NAFAMZ Model: 3429 Production Country: Egypt Color: blue Main Material: Cotton,4.1 out of 5 (20 verified ratings),Caesar,FALSE,FALSE,sport
Caesar Detailed MensCasual Sweat Pant,EGP 143.00 - EGP 156.00,EGP 314.00,54%,https://www.jumia.com.eg/caesar-detailed-menscasual-sweat-pant-27116692.html,https://eg.jumia.is/unsafe/fit-in/500x500/filters:fill(white)/product/29/661172/1.jpg?7936,Our Model Is wearing Size L Cotton Material Regular fit Elastic Waist With Drawstring Solid pattern Slip On,SKU: BR241MW0HNQPGNAFAMZ Model: 8072 Production Country: Egypt Color: grey Main Material: Cotton,4 out of 5 (1 verified rating),Caesar,FALSE,FALSE,sport
Caesar Diving Pants With - With Pockets,EGP 144.00 - EGP 158.00,EGP 361.00,60%,https://www.jumia.com.eg/caesar-diving-pants-with-with-pockets-26861472.html,https://eg.jumia.is/unsafe/fit-in/500x500/filters:fill(white)/product/27/416862/1.jpg?3471,Our Model Is wearing Size L Cotton Material Regular fit Elastic Waist With Drawstring Solid pattern Slip On,SKU: BR241MW0GBMZINAFAMZ Model: 7309 Production Country: Egypt Color: blue Main Material: Fabric,4 out of 5 (5 verified ratings),Caesar,FALSE,FALSE,sport
Caesar Detailed Casual Sweatpants - Blue,EGP 154.00 - EGP 169.00,EGP 361.00,57%,https://www.jumia.com.eg/caesar-detailed-casual-sweatpants-blue-22340067.html,https://eg.jumia.is/unsafe/fit-in/500x500/filters:fill(white)/product/76/004322/1.jpg?1065,Our Model Is wearing Size L Cotton Material Regular fit Elastic Waist With Drawstring Solid pattern Slip On,SKU: BR241MW1991B6NAFAMZ Model: 1521 Production Country: Egypt Color: blue Main Material: Cotton,4.1 out of 5 (15 verified ratings),Caesar,FALSE,FALSE,sport
Street Wear - Multicolore,EGP 549.00 - EGP 699.00 52%,EGP 549.00 - EGP 699.00,52%,https://www.jumia.com.eg/generic-street-wear-multicolore-41172604.html,https://eg.jumia.is/unsafe/fit-in/500x500/filters:fill(white)/product/40/627114/1.jpg?5702,Our Model Wear Size LCotton MaterialPrintedSlip OnT-shirt Cotton 100%Size L up to 75 K.gSize XL up to 85 K.gSize 2xL up to 95 K.gSize 3xL up to 105 K.gStreet Wearmen training suitactive tracksuitssports wearBoys Tracksuits  ,SKU: HB407MW0O6S2YNAFAMZ Model: 14017 Production Country: Egypt Color: Multicolour Main Material: Cotton Shop Type: Jumia Mall,5 out of 5 (1 verified rating),(1 verified rating),FALSE,FALSE,sport
H.Brand Cotton Casual Tracksuit - Multicolore.,EGP 599.00 50%,EGP 599.00,50%,https://www.jumia.com.eg/h.brand-cotton-casual-tracksuit-multicolore.-26012434.html,https://eg.jumia.is/unsafe/fit-in/500x500/filters:fill(white)/product/43/421062/1.jpg?4287,Our Model Wear Size L Cotton Material Printed Size L up to 70 K.g Size XL up to 80 K.gSize 2xL up to 90 K.gSize 3xL up to 100 K.gStreet Wearmen training suitactive tracksuitssports wear,"SKU: GE810FA0PUNWMNAFAMZ Model: CR10005 Production Country: Egypt Color: Multicolour Main Material: Mix Care Label: Low Iron , Hand Wash",4.8 out of 5 (6 verified ratings),H.Brand,FALSE,FALSE,sport
Caesar Detailed MensCasual Sweat Pant With Side Pocket,EGP 143.00 - EGP 156.00,EGP 314.00,54%,https://www.jumia.com.eg/caesar-detailed-menscasual-sweat-pant-with-side-pocket-27178113.html,https://eg.jumia.is/unsafe/fit-in/500x500/filters:fill(white)/product/31/187172/1.jpg?8372,Our Model Is wearing Size L Cotton Material Regular fit Elastic Waist With Drawstring Solid pattern Slip On,SKU: BR241MW0IKG6CNAFAMZ Model: 8093 Production Country: Egypt Color: blue Main Material: Cotton,0 out of 5 (No ratings available),Caesar,TRUE,FALSE,sport
Caesar Caroo Mens Short With Baggy Pockets,EGP 110.00,EGP 247.00,55%,https://www.jumia.com.eg/caesar-caroo-mens-short-with-baggy-pockets-26112106.html,https://eg.jumia.is/unsafe/fit-in/500x500/filters:fill(white)/product/60/121162/1.jpg?7846,Our Model Is wearing Size L Cotton Material Regular fit Elastic Waist With Drawstring Solid pattern Slip On  with pocket,SKU: BR241MW0ZSLSANAFAMZ Model: 7663 Production Country: Egypt Color: multi colour Main Material: Cotton,2.5 out of 5 (2 verified ratings),Caesar,FALSE,FALSE,sport
Street Wear - Multicolore,EGP 549.00 - EGP 699.00 52%,EGP 549.00 - EGP 699.00,52%,https://www.jumia.com.eg/generic-street-wear-multicolore-41172602.html,https://eg.jumia.is/unsafe/fit-in/500x500/filters:fill(white)/product/20/627114/1.jpg?5701,Our Model Wear Size LCotton MaterialPrintedSlip OnT-shirt Cotton 100%Size L up to 75 K.gSize XL up to 85 K.gSize 2xL up to 95 K.gSize 3xL up to 105 K.gStreet Wearmen training suitactive tracksuitssports wearBoys Tracksuits  ,SKU: HB407MW0CA3ZENAFAMZ Model: 14017 Production Country: Egypt Color: Multicolour Main Material: Cotton Shop Type: Jumia Mall,0 out of 5 (No ratings available),(No ratings available),FALSE,FALSE,sport
Diadora Sportiv Pants For Men - Black,EGP 399.00 20%,EGP 399.00,20%,https://www.jumia.com.eg/diadora-sportiv-pants-for-men-black-31892014.html,https://eg.jumia.is/unsafe/fit-in/500x500/filters:fill(white)/product/41/029813/1.jpg?1451,100% Polyester elasticated waist drawstring fastening  Slip on Slim Fit 2 side  pockets Diadora  brand logo Model is weard Size M,SKU: DI391MW0OFET1NAFAMZ Model: 122102-Black Production Country: Egypt Color: Black Main Material: 100% Polyester,0 out of 5 (No ratings available),Diadora,FALSE,FALSE,sport
Cotton Casual Tracksuit - Multicolore.,EGP 499.00 - EGP 599.00 52%,EGP 499.00 - EGP 599.00,52%,https://www.jumia.com.eg/generic-cotton-casual-tracksuit-multicolore.-25271568.html,https://eg.jumia.is/unsafe/fit-in/500x500/filters:fill(white)/product/86/517252/1.jpg?6845,Our Model Wear Size L Cotton Material Printed Slip On T-shirt CottonSize L up to 70 K.gSize XL up to 80 K.gSize 2xL up to 90 K.gSize 3xL up to 100 K.gKidsSize 8y - 10y - 12 y ,"SKU: GE810FA1FID50NAFAMZ Model: CR10005 Production Country: Egypt Color: Multicolour Main Material: Mix Care Label: Low Iron , Hand Wash",4.1 out of 5 (25 verified ratings),(25 verified ratings),TRUE,TRUE,sport
Caesar Printed SHORT Star - Blue,EGP 115.00 - EGP 126.00,EGP 247.00,53%,https://www.jumia.com.eg/caesar-printed-short-star-blue-22314523.html,https://eg.jumia.is/unsafe/fit-in/500x500/filters:fill(white)/product/32/541322/1.jpg?7606,Our Model Is wearing Size L Cotton Material Regular fit Elastic Waist With Drawstring Solid pattern Slip On,SKU: BR241MW0JDH1MNAFAMZ Model: 4761 Production Country: Egypt Color: BLUE Main Material: Cotton,4.4 out of 5 (7 verified ratings),Caesar,FALSE,FALSE,sport
Caesar Hoodie With Pants Training Suit,EGP 291.00,EGP 570.00,49%,https://www.jumia.com.eg/caesar-hoodie-with-pants-training-suit-27847423.html,https://eg.jumia.is/unsafe/fit-in/500x500/filters:fill(white)/product/32/474872/1.jpg?2733,Our Model Is wearing Size L Cotton Material Regular fit Long Sleeves Solid pattern Hooded Neck Zipper Closure,SKU: BR241MW0JC1RSNAFAMZ Model: 8461 Production Country: Egypt Color: multicolour Main Material: COTTON Shop Type: Jumia Mall,4 out of 5 (6 verified ratings),Caesar,TRUE,FALSE,sport
Diadora Sportiv Pants For Men - Grey,EGP 590.00 50%,EGP 590.00,50%,https://www.jumia.com.eg/diadora-sportiv-pants-for-men-grey-2850869.html,https://eg.jumia.is/unsafe/fit-in/500x500/filters:fill(white)/product/96/80582/1.jpg?1533,100% Polyester elasticated waist drawstring fastening  Slip on 2 side pockets Embriodered Diadora  brand logo,SKU: DI391FA1LMVUKNAFAMZ Model: 218104-Grey Production Country: China Color: Grey Main Material: Polyester,5 out of 5 (1 verified rating),Diadora,FALSE,FALSE,sport
Air Walk Sportive Tracksuit With One Stripe Designed Jacket - Black & Red,EGP 449.00,EGP 699.00,36%,https://www.jumia.com.eg/air-walk-sportive-tracksuit-with-one-stripe-designed-jacket-black-red-34969264.html,https://eg.jumia.is/unsafe/fit-in/500x500/filters:fill(white)/product/46/296943/1.jpg?4658,Our Model Is wearing Size L 100% Polyester Material Regular fit Long Sleeves Self Pattern Funnel Neck Elastic Waist With Drawstring Fully Zipped Closure,SKU: AI363MW0RKAY7NAFAMZ Model: APP/AIRWAL/SUT-FW22-329171J Production Country: Egypt Color: Multicolour Main Material: Polyester,4 out of 5 (4 verified ratings),Air Walk,FALSE,FALSE,sport
Izor Solid Hooded Neck Oversized Outwear Set - Black,EGP 209.00,EGP 850.00,75%,https://www.jumia.com.eg/izor-solid-hooded-neck-oversized-outwear-set-black-40121714.html,https://eg.jumia.is/unsafe/fit-in/500x500/filters:fill(white)/product/41/712104/1.jpg?7044,Our Model Is wearing Size L Cotton Material Loose fit Short Sleeves Solid Pattern Hooded Neck Slip On & Elastic Waist Drawstring Shorts,SKU: IZ873MW0OU19KNAFAMZ Model: SE3 Color: Black Main Material: Cotton,0 out of 5 (No ratings available),Izor,FALSE,FALSE,sport
H.Brand Street Wear - Multicolore,EGP 699.00 52%,EGP 699.00,52%,https://www.jumia.com.eg/h.brand-street-wear-multicolore-18290624.html,https://eg.jumia.is/unsafe/fit-in/500x500/filters:fill(white)/product/42/609281/1.jpg?9531,Our Model Wear Size L Cotton Material Printed Slip On T-shirt Cotton 100% Size L up to 75 K.g Size XL up to 85 K.g Size 2xL up to 100 K.g Size 3xL up to 110 K.g Street Wear men training suit active tracksuits sports wear  ,"SKU: GE810FA0PD9J5NAFAMZ Model: CR10005 Production Country: Egypt Color: Multicolour Main Material: Cotton Care Label: Low Iron , Hand Wash",4.7 out of 5 (15 verified ratings),H.Brand,TRUE,TRUE,sport
Caesar Detailed MensCasual Sweat Pant,EGP 143.00,EGP 314.00,54%,https://www.jumia.com.eg/caesar-detailed-menscasual-sweat-pant-27116703.html,https://eg.jumia.is/unsafe/fit-in/500x500/filters:fill(white)/product/30/761172/1.jpg?7935,Our Model Is wearing Size L Cotton Material Regular fit Elastic Waist With Drawstring Solid pattern Slip On,SKU: BR241MW0IBBH0NAFAMZ Model: 8114 Production Country: Egypt Color: grey Main Material: Cotton,5 out of 5 (1 verified rating),Caesar,FALSE,FALSE,sport
Caesar Detailed MensCasual Sweat Pant,EGP 143.00,EGP 314.00,54%,https://www.jumia.com.eg/caesar-detailed-menscasual-sweat-pant-27116720.html,https://eg.jumia.is/unsafe/fit-in/500x500/filters:fill(white)/product/02/761172/1.jpg?7935,Our Model Is wearing Size L Cotton Material Regular fit Elastic Waist With Drawstring Solid pattern Slip On,SKU: BR241MW01N6J8NAFAMZ Model: 8139 Production Country: Egypt Color: grey Main Material: Cotton,4.5 out of 5 (2 verified ratings),Caesar,FALSE,FALSE,sport
Caesar Elastic Waist With Sweatpants With Side Zipper,EGP 154.00,EGP 361.00,57%,https://www.jumia.com.eg/caesar-elastic-waist-with-sweatpants-with-side-zipper-24649647.html,https://eg.jumia.is/unsafe/fit-in/500x500/filters:fill(white)/product/74/694642/1.jpg?2699,Our Model Is wearing Size L Cotton Material Regular fit Elastic Waist With Drawstring Solid pattern Slip On  baggy,SKU: BR241MW18GYR6NAFAMZ Model: 6433 Production Country: Egypt Color: grey Main Material: Cotton,4.5 out of 5 (2 verified ratings),Caesar,FALSE,FALSE,sport
Caesar Detailed Printed Casual Sweatpants,EGP 154.00,EGP 314.00,51%,https://www.jumia.com.eg/caesar-detailed-printed-casual-sweatpants-38484731.html,https://eg.jumia.is/unsafe/fit-in/500x500/filters:fill(white)/product/13/748483/1.jpg?0325,Our Model Is wearing Size L Cotton Material Regular fit Elastic Waist With Drawstring Solid pattern Slip On,SKU: BR241MW086OEBNAFAMZ Model: 10859 Production Country: Egypt Color: Dark grey Main Material: Cotton,0 out of 5 (No ratings available),Caesar,FALSE,FALSE,sport
Caesar Diving Pants With - With Pockets,EGP 144.00,EGP 361.00,60%,https://www.jumia.com.eg/caesar-diving-pants-with-with-pockets-26861473.html,https://eg.jumia.is/unsafe/fit-in/500x500/filters:fill(white)/product/37/416862/1.jpg?3471,Our Model Is wearing Size L Cotton Material Regular fit Elastic Waist With Drawstring Solid pattern Slip On,SKU: BR241MW0M9Z1ANAFAMZ Model: 7309 Production Country: Egypt Color: camel Main Material: Fabric,4 out of 5 (2 verified ratings),Caesar,FALSE,TRUE,sport
Caesar Detailed Casual Sweatpants With Printed Side,EGP 154.00,EGP 314.00,51%,https://www.jumia.com.eg/caesar-detailed-casual-sweatpants-with-printed-side-38484897.html,https://eg.jumia.is/unsafe/fit-in/500x500/filters:fill(white)/product/79/848483/1.jpg?0565,Our Model Is wearing Size L Cotton Material Regular fit Elastic Waist With Drawstring Solid pattern Slip On,SKU: BR241MW1BJFHFNAFAMZ Model: 10926 Production Country: Egypt Color: blue Main Material: Cotton,0 out of 5 (No ratings available),Caesar,FALSE,FALSE,sport
Caesar Detailed Casual Sweatpants With Zipper In Sides,EGP 154.00,EGP 314.00,51%,https://www.jumia.com.eg/caesar-detailed-casual-sweatpants-with-zipper-in-sides-38484730.html,https://eg.jumia.is/unsafe/fit-in/500x500/filters:fill(white)/product/03/748483/1.jpg?0325,Our Model Is wearing Size L Cotton Material Regular fit Elastic Waist With Drawstring Solid pattern Slip On,SKU: BR241MW028CCJNAFAMZ Model: 10896 Production Country: Egypt Color: blue Main Material: Cotton,0 out of 5 (No ratings available),Caesar,FALSE,FALSE,sport
Caesar Detailed Casual Sweatpants With Zipper In Sides,EGP 154.00,EGP 314.00,51%,https://www.jumia.com.eg/caesar-detailed-casual-sweatpants-with-zipper-in-sides-38484728.html,https://eg.jumia.is/unsafe/fit-in/500x500/filters:fill(white)/product/82/748483/1.jpg?0326,Our Model Is wearing Size L Cotton Material Regular fit Elastic Waist With Drawstring Solid pattern Slip On,SKU: BR241MW1D9L4ZNAFAMZ Model: 10894 Production Country: Egypt Color: grey Main Material: Cotton,0 out of 5 (No ratings available),Caesar,FALSE,FALSE,sport
General Dark Blue Cotton Sweatpants,EGP 350.00 17%,EGP 350.00,17%,https://www.jumia.com.eg/general-dark-blue-cotton-sweatpants-40430579.html,https://eg.jumia.is/unsafe/fit-in/500x500/filters:fill(white)/product/97/503404/1.jpg?0564,The trouser material is treated against shrinkage and pilling     The cotton from which the shawl is made does not cause any sensitivity or roughness on the body with a soft and gentle texture Coton 100%             High Quality,SKU: GE042MW1M1U3WNAFAMZ Model: 1206 Production Country: Egypt Color: Dark blue Main Material: Coton,0 out of 5 (No ratings available),General,FALSE,FALSE,sport
Caesar Elastic Waist With Baggy Sweatpants - Blue,EGP 154.00,EGP 361.00,57%,https://www.jumia.com.eg/caesar-elastic-waist-with-baggy-sweatpants-blue-24649644.html,https://eg.jumia.is/unsafe/fit-in/500x500/filters:fill(white)/product/44/694642/1.jpg?2699,Our Model Is wearing Size L Cotton Material Regular fit Elastic Waist With Drawstring Solid pattern Slip On  baggy,SKU: BR241MW0QLYLUNAFAMZ Model: 6435 Production Country: Egypt Color: blue Main Material: Cotton,4.5 out of 5 (4 verified ratings),Caesar,FALSE,TRUE,sport
