name,price,old price,sale,Url,image,productInformation,fullDescription,rating,brand,is_best_seller,new release,productCategory
Skyline 32-22A - 32-inch HD LED TV,"EGP 3,299.00","EGP 4,099.00",20%,https://www.jumia.com.eg/skyline-32-22a-32-inch-hd-led-tv-26794908.html,https://eg.jumia.is/unsafe/fit-in/300x300/filters:fill(white)/product/80/949762/1.jpg?8455,SKU: SK570EA1C718INAFAMZ Model: 32-22A Color: N/A Main Material: N/A Shop Type: Jumia Mall,"Display Size: 32-inch Panel Backlight: LED Resolution: 1366 x 768 (HD) 2 x HDMI, 2 x USB, 1 x VGA, 1 x RF USB Multimedia Player",4.3 out of 5 (3 verified ratings),Skyline,TRUE,FALSE,tv
ATA ATA 32HON-ATA32F118-P - 32-inch HD TV,"EGP 3,499.00","EGP 4,399.00",20%,https://www.jumia.com.eg/ata-32hon-ata32f118-p-32-inch-hd-tv-ata-mpg895262.html,https://eg.jumia.is/unsafe/fit-in/300x300/filters:fill(white)/product/53/564812/1.jpg?3638,SKU: AT933EA0VW2VGNAFAMZ Model: 32F118-P Production Country: Egypt Color: Black Main Material: N/A Shop Type: Jumia Mall,Panel Type: LED Screen Size: 32-inch Resolution: 768x 1366 HD  Inputs: 1x HDMI - 1x USB,4.3 out of 5 (154 verified ratings),ATA,FALSE,FALSE,tv
Nikai NE43LED3 43 Inch Full HD LED TV,"EGP 7,199.00 25%","EGP 7,199.00",25%,https://www.jumia.com.eg/nikai-ne43led3-43-inch-full-hd-led-tv-39251965.html,https://eg.jumia.is/unsafe/fit-in/300x300/filters:fill(white)/product/56/915293/1.jpg?7578,SKU: NI651EL0XVW4DNAFAMZ Model: NE43LED3 Color: N/A Product Warranty: 1 Year,"Brand: Nikai Size in inch: 43 inch Tv Type: Flat HD Type: Full HD Display Type: LED Connectivity: 2 USB ports, 2 HDMI ports Model Number: NE43LED3",0 out of 5 (No ratings available),Nikai,FALSE,FALSE,tv
Syinix 32E4M 32 Inch HD LED TV,"EGP 4,599.00 22%","EGP 4,599.00",22%,https://www.jumia.com.eg/syinix-32e4m-32-inch-hd-led-tv-39251966.html,https://eg.jumia.is/unsafe/fit-in/300x300/filters:fill(white)/product/66/915293/1.jpg?1617,SKU: SY709EL13U865NAFAMZ Model: 32E4M-1 Color: N/A Product Warranty: 2 Years,"Brand: Syinix Size: 32 Inch Tv Type: Flat Key Features  I-cast function 24W Stereo HiFi Speaker Delivers immersive 5.1 Surround sound Built-in Voltage Stabilizer: 96V~300V wide working voltage Built-in Satellite  Resolution Type: HD (1366x768) Connectivity: 2 HDMI Ports, 1 USB Port Model: 32E4M",5 out of 5 (1 verified rating),Syinix,FALSE,FALSE,tv
ATA ATA43FON - 43-inch Full HD TV,"EGP 5,699.00","EGP 6,599.00",14%,https://www.jumia.com.eg/ata43fon-43-inch-full-hd-tv-ata-mpg895264.html,https://eg.jumia.is/unsafe/fit-in/300x300/filters:fill(white)/product/30/751762/1.jpg?4246,SKU: AT933EA0IB47MNAFAMZ Model: 43DN4 Main Material: N/A Shop Type: Jumia Mall,Color: Black Model: 43DN4 Screen Size: 43 inch TV Display Type: LED Number of HDMI Ports: 3 Number of USB Ports: 2 HD Type:    FHD Display Resolution:   1920×1080,3.6 out of 5 (15 verified ratings),ATA,TRUE,TRUE,tv
ATA ATA43FOS - 43-inch Full HD Smart TV,"EGP 7,199.00 14%","EGP 7,199.00",14%,https://www.jumia.com.eg/ata43fos-43-inch-full-hd-smart-tv-ata-mpg895265.html,https://eg.jumia.is/unsafe/fit-in/300x300/filters:fill(white)/product/20/751762/1.jpg?4349,SKU: AT933EA0CCS5UNAFAMZ Model: 43S1 Main Material: N/A Shop Type: Jumia Mall,"Screen size in inch:    43 Inch HDMI Ports:    2 USB Ports:   2 Internet Connection:    Ethernet, Wi-Fi Resolution Type :   FHD HDR Streaming:    No Screen Design:    Flat Display Type:    LED Resolution in Numbers:   1920 x 1080",4.2 out of 5 (74 verified ratings),ATA,FALSE,FALSE,tv
Samsung 50-Inch CU7000 Crystal UHD- 4K - Smart TV - Pur Colors (2023),"EGP 12,332.00 11%","EGP 12,332.00",11%,https://www.jumia.com.eg/samsung-50-inch-cu7000-crystal-uhd-4k-smart-tv-pur-colors-2023-40845602.html,https://eg.jumia.is/unsafe/fit-in/300x300/filters:fill(white)/product/20/654804/1.jpg?1851,SKU: SA024EL0CAPCKNAFAMZ Model: UA50CU7000UXEG Color: N/A Product Warranty: 2 Years Manufacturer Warranty,"Type: LED Series: 7 Design: Slim Look Color: TITAN GRAY Stand Type : SLIM FEET Bezel Type: 3 Bezel-less Slim Type: Slim look Stand Color: TITAN GRAY Front Color: TITAN GRAY Screen Size: 50 Resolution: 3,840 x 2,160 Color: Pur Color HDR (High-Dynamic Range) Crystal Processor 4K Film Mode: Yes HLG (Hybrid Log Gamma): Yes Contrast: Mega Contrast Contrast Enhancer: Yes HDR10+ Picture Engine Motion Technology Motion Xcelerator Refresh Rate: 60Hz One Billion Color: Yes Picture Clarity: Yes Filmmaker Mode: Yes Brightness/Color Detection Brightness Detection Dolby: MS12 2ch Sound Output (RMS): 20W Speaker Type: 2CH Multiroom Link: Yes Sound: OTS Lite Q-Symphony: Yes Bluetooth Headset Support: Yes Bluetooth Audio: Yes Dual Audio support (Bluetooth): Yes Dolby Decoder: MS12 2ch Object Tracking Sound: OTS Lite Adaptive Sound Buds Auto switch: Yes Eco Sensor: Yes SmartThings: Yes Accessibility - Voice Guide US English, Mexico Spanish, Canada French, Finnish, German, Greek, Hungarian, Italian, Norwegian, Polish, Portugal Portuguese, Romanian, Slovak, Swedish, Czech, Danish, Dutch, Korean Accessibility - Learn TV Remote / Learn Menu Screen US English, Mexico Spanish, Canada French Caption (Subtitle): Yes Embedded POP: Yes EPG: Yes IP Control: Yes OSD Language: English, Spanish, French V-Chip: Yes MBR Support: Yes ConnectShare™: Yes HDMI Connections: 3 USB: 1 Ethernet (LAN): 1 Terrestrial / RF input: 1/1(Common Use for Terrestrial)/0 Digital Audio Out (Optical): 1 Power Supply (V): AC110-120V~ 50/60Hz Typical Power Consumption: 62 Maximum Power Consumption: 145 Standby Power Consumption: 0.5 DTV Tuner: ATSC/ClearQAM Digital Broadcasting: ATSC/ClearQAM Analog Tuner: Yes Tizen™ Smart TV DTV Sound System Dolby Mini Wall Mount Compatibility: Yes Vesa Wall Mount Compatibility: Yes Remote: TM2240A Power Cable: Yes User Manual: Yes E-Manual: Yes Remote Controller Model: TM2240A Remote Controller Model Code: BN59-01388A Batteries (for Remote Control): Yes VESA Wall Mount Support: Yes Zigbee / Thread Module Dongle Support Full Motion Slim Wall Mount (Y22) Support: Yes SlimFit Cam Support Loading Quantity 40ft HC 224 53ft 462 VESA Standard Screw Size: M8 Screw depth: 20-22 VESA Spec: 200 x 200 Eco Sensor: Yes Auto Power Saving: Yes Auto Power Off: Yes Smart Service: Works With AI Speaker Alexa, Google Assistant TV Plus: Yes Web Browser: Yes SmartThings Hub / Matter Hub / IoT-Sensor Functionality: Yes Samsung Health: Yes Universal Guide: Yes (US only) Media Home: Yes Smart Features Multi-Device Experience Mobile to TV, TV Sound to Mobile, Sound Mirroring, Wireless TV On Video Communication: Google Meet Tap View: Yes Mobile Camera support: Yes Easy Setup: Yes App Casting: Yes Workspace: Yes Wireless Dex: Yes Web Service: Microsoft 365 Chat Together: Yes (US only) NFT: Nifty Gateway, La Collection, Art Token, Savage ConnecTime: Yes (US only) Telemedicine: HealthTap (US only) Auto Game Mode (ALLM): Yes HGiG: Yes Gaming Hub: Yes (KR, US, CA, BR, GB, FR, DE, IT, ES) HDMI: 3 HDMI Audio Return Channel: Yes Anynet (HDMI-CEC): Yes USB: 1 Ethernet (LAN): 1 Digital Audio Out (Optical): 1 RF In (Terrestrial / Cable input / Satellite Input) 1/1(Common Use for Terrestrial)/0 Ex-Link ( RS-232C ) w/ Dongle Only WiFi: Yes (WiFi5) Bluetooth: Yes (BT5.2) Voice Guide  US English, Mexico Spanish, Canada French, Finnish, German, Greek, Hungarian, Italian, Norwegian, Polish, Portugal Portuguese, Romanian, Slovak, Swedish, Czech, Danish, Dutch, Korean  Learn TV Remote / Learn Menu Screen  US English, Mexico Spanish, Canada French  Low Vision Support Zoom Menu and Text, High Contrast, SeeColors, Color Inversion, Grayscale, Picture Off Hearing Impaired Support Multi-output Audio, Caption Position, Sign Language Zoom, Separate Closed Caption, Sign Language Guide Motor Impaired Support Slow Button Repeat User Manual: Yes E-Manual: Yes Power Cable: Yes Life Span: 7 Years",0 out of 5 (No ratings available),Samsung,FALSE,FALSE,tv
Samsung UA43AU7000 - 43-inch Crystal UHD 4K Smart TV With Built In Receiver,"EGP 9,999.00 11%","EGP 9,999.00",11%,https://www.jumia.com.eg/samsung-ua43au7000-43-inch-crystal-uhd-4k-smart-tv-with-built-in-receiver-40285776.html,https://eg.jumia.is/unsafe/fit-in/300x300/filters:fill(white)/product/67/758204/1.jpg?4867,SKU: SA024EL14CAKCNAFAMZ Model: UA43AU7000 Color: N/A Product Warranty: 2 Years Manufacturer Warranty,Brand: SAMSUNG Name: UA43AU7000 - 43-inch Crystal UHD 4K Smart TV With Built In Receiver Model Number: UA43AU7000 Life Span: 7 Years,0 out of 5 (No ratings available),Samsung,FALSE,FALSE,tv
Samsung 50-Inch CU7000 Crystal UHD- 4K - Smart TV - Pur Colors (2023),"EGP 10,999.00","EGP 12,332.00",11%,https://www.jumia.com.eg/samsung-50-inch-cu7000-crystal-uhd-4k-smart-tv-pur-colors-2023-40845602.html,https://eg.jumia.is/unsafe/fit-in/300x300/filters:fill(white)/product/20/654804/1.jpg?1851,SKU: SA024EL0CAPCKNAFAMZ Model: UA50CU7000UXEG Color: N/A Product Warranty: 2 Years Manufacturer Warranty,"Type: LED Series: 7 Design: Slim Look Color: TITAN GRAY Stand Type : SLIM FEET Bezel Type: 3 Bezel-less Slim Type: Slim look Stand Color: TITAN GRAY Front Color: TITAN GRAY Screen Size: 50 Resolution: 3,840 x 2,160 Color: Pur Color HDR (High-Dynamic Range) Crystal Processor 4K Film Mode: Yes HLG (Hybrid Log Gamma): Yes Contrast: Mega Contrast Contrast Enhancer: Yes HDR10+ Picture Engine Motion Technology Motion Xcelerator Refresh Rate: 60Hz One Billion Color: Yes Picture Clarity: Yes Filmmaker Mode: Yes Brightness/Color Detection Brightness Detection Dolby: MS12 2ch Sound Output (RMS): 20W Speaker Type: 2CH Multiroom Link: Yes Sound: OTS Lite Q-Symphony: Yes Bluetooth Headset Support: Yes Bluetooth Audio: Yes Dual Audio support (Bluetooth): Yes Dolby Decoder: MS12 2ch Object Tracking Sound: OTS Lite Adaptive Sound Buds Auto switch: Yes Eco Sensor: Yes SmartThings: Yes Accessibility - Voice Guide US English, Mexico Spanish, Canada French, Finnish, German, Greek, Hungarian, Italian, Norwegian, Polish, Portugal Portuguese, Romanian, Slovak, Swedish, Czech, Danish, Dutch, Korean Accessibility - Learn TV Remote / Learn Menu Screen US English, Mexico Spanish, Canada French Caption (Subtitle): Yes Embedded POP: Yes EPG: Yes IP Control: Yes OSD Language: English, Spanish, French V-Chip: Yes MBR Support: Yes ConnectShare™: Yes HDMI Connections: 3 USB: 1 Ethernet (LAN): 1 Terrestrial / RF input: 1/1(Common Use for Terrestrial)/0 Digital Audio Out (Optical): 1 Power Supply (V): AC110-120V~ 50/60Hz Typical Power Consumption: 62 Maximum Power Consumption: 145 Standby Power Consumption: 0.5 DTV Tuner: ATSC/ClearQAM Digital Broadcasting: ATSC/ClearQAM Analog Tuner: Yes Tizen™ Smart TV DTV Sound System Dolby Mini Wall Mount Compatibility: Yes Vesa Wall Mount Compatibility: Yes Remote: TM2240A Power Cable: Yes User Manual: Yes E-Manual: Yes Remote Controller Model: TM2240A Remote Controller Model Code: BN59-01388A Batteries (for Remote Control): Yes VESA Wall Mount Support: Yes Zigbee / Thread Module Dongle Support Full Motion Slim Wall Mount (Y22) Support: Yes SlimFit Cam Support Loading Quantity 40ft HC 224 53ft 462 VESA Standard Screw Size: M8 Screw depth: 20-22 VESA Spec: 200 x 200 Eco Sensor: Yes Auto Power Saving: Yes Auto Power Off: Yes Smart Service: Works With AI Speaker Alexa, Google Assistant TV Plus: Yes Web Browser: Yes SmartThings Hub / Matter Hub / IoT-Sensor Functionality: Yes Samsung Health: Yes Universal Guide: Yes (US only) Media Home: Yes Smart Features Multi-Device Experience Mobile to TV, TV Sound to Mobile, Sound Mirroring, Wireless TV On Video Communication: Google Meet Tap View: Yes Mobile Camera support: Yes Easy Setup: Yes App Casting: Yes Workspace: Yes Wireless Dex: Yes Web Service: Microsoft 365 Chat Together: Yes (US only) NFT: Nifty Gateway, La Collection, Art Token, Savage ConnecTime: Yes (US only) Telemedicine: HealthTap (US only) Auto Game Mode (ALLM): Yes HGiG: Yes Gaming Hub: Yes (KR, US, CA, BR, GB, FR, DE, IT, ES) HDMI: 3 HDMI Audio Return Channel: Yes Anynet (HDMI-CEC): Yes USB: 1 Ethernet (LAN): 1 Digital Audio Out (Optical): 1 RF In (Terrestrial / Cable input / Satellite Input) 1/1(Common Use for Terrestrial)/0 Ex-Link ( RS-232C ) w/ Dongle Only WiFi: Yes (WiFi5) Bluetooth: Yes (BT5.2) Voice Guide  US English, Mexico Spanish, Canada French, Finnish, German, Greek, Hungarian, Italian, Norwegian, Polish, Portugal Portuguese, Romanian, Slovak, Swedish, Czech, Danish, Dutch, Korean  Learn TV Remote / Learn Menu Screen  US English, Mexico Spanish, Canada French  Low Vision Support Zoom Menu and Text, High Contrast, SeeColors, Color Inversion, Grayscale, Picture Off Hearing Impaired Support Multi-output Audio, Caption Position, Sign Language Zoom, Separate Closed Caption, Sign Language Guide Motor Impaired Support Slow Button Repeat User Manual: Yes E-Manual: Yes Power Cable: Yes Life Span: 7 Years",0 out of 5 (No ratings available),Samsung,TRUE,FALSE,tv
Samsung UA43AU7000 - 43-inch Crystal UHD 4K Smart TV With Built In Receiver,"EGP 8,888.00","EGP 9,999.00",11%,https://www.jumia.com.eg/samsung-ua43au7000-43-inch-crystal-uhd-4k-smart-tv-with-built-in-receiver-40285776.html,https://eg.jumia.is/unsafe/fit-in/300x300/filters:fill(white)/product/67/758204/1.jpg?4867,SKU: SA024EL14CAKCNAFAMZ Model: UA43AU7000 Color: N/A Product Warranty: 2 Years Manufacturer Warranty,Brand: SAMSUNG Name: UA43AU7000 - 43-inch Crystal UHD 4K Smart TV With Built In Receiver Model Number: UA43AU7000 Life Span: 7 Years,0 out of 5 (No ratings available),Samsung,FALSE,FALSE,tv
Samsung 65-Inch CU7000 Crystal UHD- 4K - Smart TV - Pur Colors (2023),"EGP 15,699.00","EGP 16,299.00",4%,https://www.jumia.com.eg/samsung-65-inch-cu7000-crystal-uhd-4k-smart-tv-pur-colors-2023-40845600.html,https://eg.jumia.is/unsafe/fit-in/300x300/filters:fill(white)/product/00/654804/1.jpg?2302,SKU: SA024EL00E190NAFAMZ Model: UA65CU7000UXEG Color: N/A Product Warranty: 2 Years Manufacturer Warranty,"Type: LED Series: 7 Design: Slim Look Color: TITAN GRAY Stand Type : SLIM FEET Bezel Type: 3 Bezel-less Slim Type: Slim look Stand Color: TITAN GRAY Front Color: TITAN GRAY Screen Size: 65 Resolution: 3,840 x 2,160 Color: Pur Color HDR (High-Dynamic Range) Crystal Processor 4K Film Mode: Yes HLG (Hybrid Log Gamma): Yes Contrast: Mega Contrast Contrast Enhancer: Yes HDR10+ Picture Engine Motion Technology Motion Xcelerator Refresh Rate: 60Hz One Billion Color: Yes Picture Clarity: Yes Filmmaker Mode: Yes Brightness/Color Detection Brightness Detection Dolby: MS12 2ch Sound Output (RMS): 20W Speaker Type: 2CH Multiroom Link: Yes Sound: OTS Lite Q-Symphony: Yes Bluetooth Headset Support: Yes Bluetooth Audio: Yes Dual Audio support (Bluetooth): Yes Dolby Decoder: MS12 2ch Object Tracking Sound: OTS Lite Adaptive Sound Buds Auto switch: Yes Eco Sensor: Yes SmartThings: Yes Accessibility - Voice Guide US English, Mexico Spanish, Canada French, Finnish, German, Greek, Hungarian, Italian, Norwegian, Polish, Portugal Portuguese, Romanian, Slovak, Swedish, Czech, Danish, Dutch, Korean Accessibility - Learn TV Remote / Learn Menu Screen US English, Mexico Spanish, Canada French Caption (Subtitle): Yes Embedded POP: Yes EPG: Yes IP Control: Yes OSD Language: English, Spanish, French V-Chip: Yes MBR Support: Yes ConnectShare™: Yes HDMI Connections: 3 USB: 1 Ethernet (LAN): 1 Terrestrial / RF input: 1/1(Common Use for Terrestrial)/0 Digital Audio Out (Optical): 1 Power Supply (V): AC110-120V~ 50/60Hz Typical Power Consumption: 62 Maximum Power Consumption: 145 Standby Power Consumption: 0.5 DTV Tuner: ATSC/ClearQAM Digital Broadcasting: ATSC/ClearQAM Analog Tuner: Yes Tizen™ Smart TV DTV Sound System Dolby Mini Wall Mount Compatibility: Yes Vesa Wall Mount Compatibility: Yes Remote: TM2240A Power Cable: Yes User Manual: Yes E-Manual: Yes Remote Controller Model: TM2240A Remote Controller Model Code: BN59-01388A Batteries (for Remote Control): Yes VESA Wall Mount Support: Yes Zigbee / Thread Module Dongle Support Full Motion Slim Wall Mount (Y22) Support: Yes SlimFit Cam Support Loading Quantity 40ft HC 224 53ft 462 VESA Standard Screw Size: M8 Screw depth: 20-22 VESA Spec: 200 x 200 Eco Sensor: Yes Auto Power Saving: Yes Auto Power Off: Yes Smart Service: Works With AI Speaker Alexa, Google Assistant TV Plus: Yes Web Browser: Yes SmartThings Hub / Matter Hub / IoT-Sensor Functionality: Yes Samsung Health: Yes Universal Guide: Yes (US only) Media Home: Yes Smart Features Multi-Device Experience Mobile to TV, TV Sound to Mobile, Sound Mirroring, Wireless TV On Video Communication: Google Meet Tap View: Yes Mobile Camera support: Yes Easy Setup: Yes App Casting: Yes Workspace: Yes Wireless Dex: Yes Web Service: Microsoft 365 Chat Together: Yes (US only) NFT: Nifty Gateway, La Collection, Art Token, Savage ConnecTime: Yes (US only) Telemedicine: HealthTap (US only) Auto Game Mode (ALLM): Yes HGiG: Yes Gaming Hub: Yes (KR, US, CA, BR, GB, FR, DE, IT, ES) HDMI: 3 HDMI Audio Return Channel: Yes Anynet (HDMI-CEC): Yes USB: 1 Ethernet (LAN): 1 Digital Audio Out (Optical): 1 RF In (Terrestrial / Cable input / Satellite Input) 1/1(Common Use for Terrestrial)/0 Ex-Link ( RS-232C ) w/ Dongle Only WiFi: Yes (WiFi5) Bluetooth: Yes (BT5.2) Voice Guide  US English, Mexico Spanish, Canada French, Finnish, German, Greek, Hungarian, Italian, Norwegian, Polish, Portugal Portuguese, Romanian, Slovak, Swedish, Czech, Danish, Dutch, Korean  Learn TV Remote / Learn Menu Screen  US English, Mexico Spanish, Canada French  Low Vision Support Zoom Menu and Text, High Contrast, SeeColors, Color Inversion, Grayscale, Picture Off Hearing Impaired Support Multi-output Audio, Caption Position, Sign Language Zoom, Separate Closed Caption, Sign Language Guide Motor Impaired Support Slow Button Repeat User Manual: Yes E-Manual: Yes Power Cable: Yes Life Span: 7 Years",0 out of 5 (No ratings available),Samsung,FALSE,FALSE,tv
"Samsung TV, 50 Inch, LED,Built-in Receiver, UA50CU7000U","EGP 11,605.00","EGP 15,000.00",23%,https://www.jumia.com.eg/samsung-tv-50-inch-ledbuilt-in-receiver-ua50cu7000u-43584532.html,https://eg.jumia.is/unsafe/fit-in/300x300/filters:fill(white)/product/23/548534/1.jpg?4293,SKU: SA024EA0E0Q5YNAFAMZ Model: UA50CU7000U Color: Balck,  Samsung 50Inch Led Smart TV   Resolution 4K Ultra HD 3840 x 2160p   Operating system Tizen OS   Built-in receiver   Crystal 4K Processor   HDMI port 3   USB ports 1   Internet connection Wifi-LAN Port,0 out of 5 (No ratings available),Samsung,FALSE,FALSE,tv
Samsung 55Q80B - 55-inch Class QLED 4K Smart TV (2022),"EGP 22,999.00","EGP 24,499.00",6%,https://www.jumia.com.eg/55q80b-55-inch-class-qled-4k-smart-tv-2022-samsung-mpg895235.html,https://eg.jumia.is/unsafe/fit-in/300x300/filters:fill(white)/product/84/766462/1.jpg?8659,SKU: SA024EA1EGU7YNAFAMZ Model: 55Q80B Color: Black Main Material: N/A Shop Type: Jumia Mall,"Display Size: 55-inch Panel Backlight: QLED Resolution: 4K UHD (3840 x 2160) 4 x HDMI, 2 x USB, 1 x RF USB Multimedia Player",0 out of 5 (No ratings available),Samsung,FALSE,FALSE,tv
Samsung UA40T5300 - 40-inch Full HD Smart TV With Built-In Receiver,Official Store,"EGP 8,499.00",5%,https://www.jumia.com.eg/40-full-hd-led-tv-with-usb-multimedia-player-samsung-mpg895228.html,https://eg.jumia.is/unsafe/fit-in/300x300/filters:fill(white)/product/28/760412/1.jpg?0533,SKU: SA024EA0H4FOCNAFAMZ Model: UA40T5300 Color: Black Main Material: N/A Shop Type: Jumia Mall,"Display Size: 40-inch Panel Backlight: LED Resolution: 1920 x 1080 (Full HD) Features: Smart TV, Wi-Fi Built-In Connectivity: 2 x HDMI, 1 x USB USB Multimedia Player",4.1 out of 5 (21 verified ratings),Samsung,TRUE,FALSE,tv
Samsung 43-Inch CU7000 Crystal UHD- 4K - Smart TV - Pur Colors (2023),"EGP 9,399.00","EGP 9,999.00",6%,https://www.jumia.com.eg/samsung-43-inch-cu7000-crystal-uhd-4k-smart-tv-pur-colors-2023-40845568.html,https://eg.jumia.is/unsafe/fit-in/300x300/filters:fill(white)/product/86/554804/1.jpg?6488,SKU: SA024EL1FJ644NAFAMZ Model: UA43CU7000UXEG Color: N/A Product Warranty: 2 Years Manufacturer Warranty,"Type: LED Series: 7 Design: Slim Look Color: TITAN GRAY Stand Type : SLIM FEET Bezel Type: 3 Bezel-less Slim Type: Slim look Stand Color: TITAN GRAY Front Color: TITAN GRAY Screen Size: 43 Resolution: 3,840 x 2,160 Color: Pur Color HDR (High-Dynamic Range) Crystal Processor 4K Film Mode: Yes HLG (Hybrid Log Gamma): Yes Contrast: Mega Contrast Contrast Enhancer: Yes HDR10+ Picture Engine Motion Technology Motion Xcelerator Refresh Rate: 60Hz One Billion Color: Yes Picture Clarity: Yes Filmmaker Mode: Yes Brightness/Color Detection Brightness Detection Dolby: MS12 2ch Sound Output (RMS): 20W Speaker Type: 2CH Multiroom Link: Yes Sound: OTS Lite Q-Symphony: Yes Bluetooth Headset Support: Yes Bluetooth Audio: Yes Dual Audio support (Bluetooth): Yes Dolby Decoder: MS12 2ch Object Tracking Sound: OTS Lite Adaptive Sound Buds Auto switch: Yes Eco Sensor: Yes SmartThings: Yes Accessibility - Voice Guide US English, Mexico Spanish, Canada French, Finnish, German, Greek, Hungarian, Italian, Norwegian, Polish, Portugal Portuguese, Romanian, Slovak, Swedish, Czech, Danish, Dutch, Korean Accessibility - Learn TV Remote / Learn Menu Screen US English, Mexico Spanish, Canada French Caption (Subtitle): Yes Embedded POP: Yes EPG: Yes IP Control: Yes OSD Language: English, Spanish, French V-Chip: Yes MBR Support: Yes ConnectShare™: Yes HDMI Connections: 3 USB: 1 Ethernet (LAN): 1 Terrestrial / RF input: 1/1(Common Use for Terrestrial)/0 Digital Audio Out (Optical): 1 Power Supply (V): AC110-120V~ 50/60Hz Typical Power Consumption: 62 Maximum Power Consumption: 145 Standby Power Consumption: 0.5 DTV Tuner: ATSC/ClearQAM Digital Broadcasting: ATSC/ClearQAM Analog Tuner: Yes Tizen™ Smart TV DTV Sound System Dolby Mini Wall Mount Compatibility: Yes Vesa Wall Mount Compatibility: Yes Remote: TM2240A Power Cable: Yes User Manual: Yes E-Manual: Yes Remote Controller Model: TM2240A Remote Controller Model Code: BN59-01388A Batteries (for Remote Control): Yes VESA Wall Mount Support: Yes Zigbee / Thread Module Dongle Support Full Motion Slim Wall Mount (Y22) Support: Yes SlimFit Cam Support Loading Quantity 40ft HC 224 53ft 462 VESA Standard Screw Size: M8 Screw depth: 20-22 VESA Spec: 200 x 200 Eco Sensor: Yes Auto Power Saving: Yes Auto Power Off: Yes Smart Service: Works With AI Speaker Alexa, Google Assistant TV Plus: Yes Web Browser: Yes SmartThings Hub / Matter Hub / IoT-Sensor Functionality: Yes Samsung Health: Yes Universal Guide: Yes (US only) Media Home: Yes Smart Features Multi-Device Experience Mobile to TV, TV Sound to Mobile, Sound Mirroring, Wireless TV On Video Communication: Google Meet Tap View: Yes Mobile Camera support: Yes Easy Setup: Yes App Casting: Yes Workspace: Yes Wireless Dex: Yes Web Service: Microsoft 365 Chat Together: Yes (US only) NFT: Nifty Gateway, La Collection, Art Token, Savage ConnecTime: Yes (US only) Telemedicine: HealthTap (US only) Auto Game Mode (ALLM): Yes HGiG: Yes Gaming Hub: Yes (KR, US, CA, BR, GB, FR, DE, IT, ES) HDMI: 3 HDMI Audio Return Channel: Yes Anynet (HDMI-CEC): Yes USB: 1 Ethernet (LAN): 1 Digital Audio Out (Optical): 1 RF In (Terrestrial / Cable input / Satellite Input) 1/1(Common Use for Terrestrial)/0 Ex-Link ( RS-232C ) w/ Dongle Only WiFi: Yes (WiFi5) Bluetooth: Yes (BT5.2) Voice Guide  US English, Mexico Spanish, Canada French, Finnish, German, Greek, Hungarian, Italian, Norwegian, Polish, Portugal Portuguese, Romanian, Slovak, Swedish, Czech, Danish, Dutch, Korean  Learn TV Remote / Learn Menu Screen  US English, Mexico Spanish, Canada French  Low Vision Support Zoom Menu and Text, High Contrast, SeeColors, Color Inversion, Grayscale, Picture Off Hearing Impaired Support Multi-output Audio, Caption Position, Sign Language Zoom, Separate Closed Caption, Sign Language Guide Motor Impaired Support Slow Button Repeat User Manual: Yes E-Manual: Yes Power Cable: Yes Life Span: 7 Years",0 out of 5 (No ratings available),Samsung,FALSE,FALSE,tv
Samsung UA50AU7000 – 50-inch UHD 4K Smart TV With Built In Receiver,"EGP 11,708.00","EGP 13,199.00",11%,https://www.jumia.com.eg/50-au7000-50-inch-crystal-uhd-4k-smart-tv-samsung-mpg895232.html,https://eg.jumia.is/unsafe/fit-in/300x300/filters:fill(white)/product/09/542432/1.jpg?5469,SKU: SA024EA05OIZKNAFAMZ Model: UA50AU7000UXEG Size (L x W x H cm): Dimensions of TV with stand: 1116.8 x 719.1 x 250.2 mm Color: black Main Material: mixed,"  Brand: Samsung Color: Black TV type: Smart TV Series: 7  Dimensions  Stand size: 1009.8 x 250.2 mm Dimensions of TV with stand: 1116.8 x 719.1 x 250.2 mm Dimensions of TV without stand: 1116.8 x 644.2 x 59.9 mm Weight with stand: 11.6 kg Weight without stand: 11.4 kg  Display  Screen size: 50 inches Resolution: 3840 x 2160 pixels Panel Type: LED Color: PurColor Picture processor: Crystal processor 4K Picture quality Index: 2000 Contrast: Mega contrast Micro dimming: UHD Dimming HDR 10+ Contrast enhancer Auto motion plus Natural mode support High dynamic range Film mode Hybrid Log Gamma  Design  Design: New Bezel-less Bezel type: 3 Bezel-less Front color: Titan Gray Stand color: Titan Gray  Audio  Speaker type: 2CH Sound output: 20W Dolby Digital Plus Multiroom link Q-Symphony Lite Bluetooth audio  Convergence  Mobile to TV mirroring, DLNA Bluetooth low energy TV Sound to mobile Sound mirroring  Differentiation  Analog clean view  Connectivity  Bluetooth version: 4.2 Wi-Fi Connectivity: Wi-Fi 5 Wi-Fi Direct Return channel support HDMI quick switch eARC Anynet+ (HDMI-CEC)  Tuner/Broadcasting  Digital broadcasting: DVB-T2 Analog tuner TV key  Features  Energy efficiency class: 2 OSD Language: Local languages Processor: Crystal processor 4K Operating system: Tizen Digital clean view USB HID support Eco sensor SmartThings App support IPv6 Support MBR Support Teletext BT HID Built-in Film maker mode Auto power off Caption (Subtitle) Adaptive sound Brightness detection Gallery Web browser  Power  Power supply: AC 100-240V, 50/60Hz Power consumption (Max.): 145 W  Inputs & Outputs  3x HDMI USB port Ethernet Terrestrial / RF input: 1/1 (Common Use for Terrestrial)/0 Digital audio out (Optical) Audio out (Mini jack",4.6 out of 5 (34 verified ratings),Samsung,FALSE,FALSE,tv
"Samsung TV, 65 Inch, LED, 4K Resolution, UA65CU7000U","EGP 16,878.00","EGP 17,500.00",4%,https://www.jumia.com.eg/samsung-tv-65-inch-led-4k-resolution-ua65cu7000u-41933962.html,https://eg.jumia.is/unsafe/fit-in/300x300/filters:fill(white)/product/26/933914/1.jpg?0571,SKU: SA024EA0G1ACANAFAMZ Model: UA65CU7000U Color: Balck,  Samsung 65Inch Led Smart TV   Resolution 4K Ultra HD 3840 x 2160p   Operating system Tizen OS   Built-in receiver   Crystal 4K Processor   HDMI port 3   USB ports 1   Internet connection Wifi-LAN Port,0 out of 5 (No ratings available),Samsung,FALSE,FALSE,tv
Samsung UA43AU7000 - 43-inch UHD 4K Smart TV+TOD Free Subscription,"EGP 9,299.00",,,https://www.jumia.com.eg/samsung-ua43au7000-43-inch-uhd-4k-smart-tvtod-free-subscription-41371714.html,https://eg.jumia.is/unsafe/fit-in/300x300/filters:fill(white)/product/41/717314/1.jpg?4047,SKU: SA024EA0OU5AANAFAMZ Color: N/A Main Material: N/A,"Display Size: 43-inch LED, Crystal processor 4K Resolution: 3840 x 2160 pixels Smart TV, Wi-Fi Connectivity: 3x HDMI, 1x USB Adaptive Sound",0 out of 5 (No ratings available),Samsung,TRUE,TRUE,tv
Samsung UA43T5300 - 43-inch Full HD Smart TV With Built-In Receiver,"EGP 8,799.00","EGP 11,999.00",27%,https://www.jumia.com.eg/ua43t5300-43-inch-full-hd-smart-tv-with-built-in-receiver-samsung-mpg895229.html,https://eg.jumia.is/unsafe/fit-in/300x300/filters:fill(white)/product/90/989081/1.jpg?2805,SKU: SA024EA1I67MHNAFAMZ Model: UA43T5300AUXEG Color: Black Main Material: N/A,"Display Size: 43-inch Panel Backlight: LED Resolution: 1920 x 1080 (Full HD) Features: Smart TV, Wi-Fi Built-In Connectivity: 2 x HDMI, 1 x USB USB Multimedia Player",4.4 out of 5 (48 verified ratings),Samsung,FALSE,FALSE,tv
Samsung UA43AU7000 – 43-inch UHD 4K Built In Receiver Smart TV,"EGP 9,299.00","EGP 9,999.00",7%,https://www.jumia.com.eg/ua43au7000-43-inch-uhd-4k-built-in-receiver-smart-tv-samsung-mpg895230.html,https://eg.jumia.is/unsafe/fit-in/300x300/filters:fill(white)/product/46/259922/1.jpg?7006,SKU: SA024EA0RJIDUNAFAMZ Model: UA43AU7000UXEG Production Country: Egypt Size (L x W x H cm): 192.5 x 627.8 x 963.9‎ mm Color: black Main Material: mixed,"Dimensions  Stand size: 841.7 x 192.5 mm Dimensions of TV with stand: 963.9 x 627.8 x 192.5 mm Dimensions of TV without stand: 963.9 x 558.9 x 59.6 mm  Display  Screen size: 43 inches Resolution: 3840 x 2160 pixels Panel Type: LED Color: PurColor Picture processor: Crystal processor 4K Picture quality Index: 2000 Contrast: Mega contrast Micro dimming: UHD Dimming HDR 10+ Contrast enhancer Auto motion plus Natural mode support High dynamic range Film mode Hybrid Log Gamma  Design  Design: New Bezel-less Bezel type: 3 Bezel-less Front color: Titan Gray Stand color: Titan Gray  Audio  Speaker type: 2CH Sound output: 20W Dolby Digital Plus Multiroom link Q-Symphony Bluetooth audio  Convergence  Mobile to TV mirroring, DLNA Bluetooth low energy TV Sound to mobile Sound mirroring  Differentiation  Analog clean view Tune station  Connectivity  Bluetooth version: 4.2 Wi-Fi Connectivity: Wi-Fi 5 Wi-Fi Direct Return channel support HDMI quick switch eARC Anynet+ (HDMI-CEC)  Tuner/Broadcasting  Digital broadcasting: DVB-T2 Analog tuner TV key  Features  Energy efficiency class: 4 OSD Language: Local languages Processor: Crystal processor 4K Operating system: Tizen Digital clean view USB HID support Eco sensor SmartThings App support IPv6 Support MBR Support Teletext BT HID Built-in Film maker mode Auto power off Caption (Subtitle) Adaptive sound Brightness detection Gallery Web browser  Power  Power supply: AC 100-240V, 50/60Hz  Inputs & Outputs  3x HDMI USB port Ethernet Terrestrial / RF input: 1/1 (Common Use for Terrestrial)/0 Digital audio out (Optical)",4.7 out of 5 (15 verified ratings),Samsung,FALSE,FALSE,tv
Samsung 65 Inch TV Quantum Processor Lite 4K QLED QA65Q60B,"EGP 26,908.00","EGP 27,000.00",1%,https://www.jumia.com.eg/65-inch-tv-quantum-processor-lite-4k-qled-qa65q60b-samsung-mpg895242.html,"data:image/gif;base64,R0lGODlhAQABAIAAAAAAAP///yH5BAEAAAAALAAAAAABAAEAAAIBRAA7",SKU: SA024EA0HLSY3NAFAMZ Model: QA65Q60B Color: Balck Main Material: N/A,"SAMSUNG QA65Q60BAUXEG 3,840 x 2,160 Resolution. Quantum Processor Lite 4K Picture Engine with Quantum HDR,100% Colour Volume with Quantum Dot. Having Wide Viewing Angle with Supreme UHD Dimming, Dual LED, Auto Motion Plus and Brightness Detection Speaker Type: 2CH with 20W Sound Output (RMS),  Dolby Digital Plus, Q-Symphony and Adaptive Sound+ Smart Services: Tizen Operating System, Web Browser, SmartThings App Support and Gallery Smart Features: Mobile to TV - Mirroring, DLNA, TV Initiate Mirroring, Google Duo Video Communication, Tap View, upto 2 videos Multi-View, Sound Mirroring and Microsoft 365 Web Service",4 out of 5 (1 verified rating),Samsung,FALSE,FALSE,tv
Samsung UA65CU7000 – 65-inch UHD 4K Smart TV With Built In Receiver,"EGP 15,999.00","EGP 16,999.00",6%,https://www.jumia.com.eg/samsung-ua65cu7000-65-inch-uhd-4k-smart-tv-with-built-in-receiver-44087249.html,"data:image/gif;base64,R0lGODlhAQABAIAAAAAAAP///yH5BAEAAAAALAAAAAABAAEAAAIBRAA7",SKU: SA024EA1K4PEKNAFAMZ Model: UA65CU7000UXEG Size (L x W x H cm): 28.21 x 144.94 x 90.66 Color: NA Main Material: n/a,"Samsung 65 Inch Ultra 4K HD Smart TV with Built-in Receiver and Remote Control - UA65CU7000UXEGTrue Color in 4K Effective Resolution Crystal 4K processes high quality 4K so you can watch the content you love in up to 4K resolution and we also give you the experience of enjoying true color expressions thanks to color mapping technology.Instant clear image selection, image space and performance.Smooth motion with clear picture gives you the sense of 4K Ultra HD picture qualitylife span7",0 out of 5 (No ratings available),Samsung,FALSE,FALSE,tv
Samsung UA65AU7000 – 65-inch UHD 4K Smart TV With Built In Receiver,"EGP 16,568.00","EGP 16,990.00",2%,https://www.jumia.com.eg/ua65au7000-65-inch-uhd-4k-smart-tv-samsung-mpg895239.html,"data:image/gif;base64,R0lGODlhAQABAIAAAAAAAP///yH5BAEAAAAALAAAAAABAAEAAAIBRAA7",SKU: SA024EA0MR2U7NAFAMZ Model: UA65AU7000UXEG Production Country: Egypt Size (L x W x H cm): 1449.4 x 906.6 x 282.1 mm Color: black Main Material: mixed,"  LED  Series  7  Display  Screen Size: 65"" Resolution: 3,840 x 2,160  Video  Picture Engine  Crystal Processor 4K PQI (Picture Quality Index)  2000 HDR (High Dynamic Range)   HDR HDR 10+  Support HLG (Hybrid Log Gamma)  Yes Contrast  Mega Contrast Color   Pur Color Micro Dimming   UHD Dimming Contrast Enhancer   Yes Auto Motion Plus   Yes Film Mode   Yes Natural Mode Support  Yes  Audio  Dolby Digital Plus  Yes Q-Symphony  Q-Symphony Lite Sound Output (RMS)  20W Speaker Type  2CH Multiroom Link  Yes Bluetooth Audio  Yes  Smart Service  Samsung SMART TV  Smart Operating System  Tizen™ Web Browser  Yes SmartThings App Support  Yes Gallery  Yes  Convergence  Mobile to TV - Mirroring, DLNA Yes Tap View  Yes Remote Access  Basic Bluetooth Low Energy  Yes WiFi Direct  Yes TV Sound to Mobile  Yes Sound Mirroring  Yes  Differentiation  Analog Clean View  Yes  Tuner/Broadcasting  Digital Broadcasting  DVB-T2 Analog Tuner  Yes Data Broadcasting  HbbTV2.0.2 TV Key  Yes  Connectivity  HDMI  3 USB  1 Ethernet (LAN)  Yes Digital Audio Out (Optical)  1 RF In (Terrestrial / Cable input)  1/1(Common Use for Terrestrial)/0 HDMI A / Return Ch. Support  Yes eARC  Yes HDMI Quick Switch  Yes Wireless LAN Built-in  Yes (WiFi5) Bluetooth  Yes (BT4.2) Anynet+ (HDMI-CEC)  Yes  Design  Design  New Bezel-less Bezel Type  3 Bezel-less Slim Type  Slim look Front Color  TITAN GRAY Stand Type  SLIM FEET Stand Color  TITAN GRAY  Additional Feature  Adaptive Sound  Adaptive Sound Brightness/Color Detection  Brightness Detection Accessibility - Others  Enlarge / High Contrast / Color Inversion / Grayscale / Sign Language Zoom / Multi-output Audio / Slow Button Repeat Digital Clean View  Yes Auto Channel Search  Yes Auto Power Off  Yes Caption (Subtitle)  Yes Connect Share™ (HDD)  Yes ConnectShare™ (USB 2.0)  Yes EPG  Yes Filmmaker Mode (FMM)  Yes OSD Language  Local Languages BT HID Built-in  Yes USB HID Support  Yes Teletext (TTX)  Yes IPv6 Support  Yes MBR Support  Yes  Eco Feature  Eco Sensor  Yes Energy Efficiency Class  2  Power  Power Supply  AC100-240V 50/60Hz Power Consumption (Max)  200 W  Dimension  Package Size (WxHxD)  1606 x 963 x 184 mm Set Size with Stand (WxHxD)  1449.4 x 906.6 x 282.1 mm Set Size without Stand (WxHxD)  1449.4 x 830.3 x 59.9 mm Stand (Basic) (WxD)  1185.5 x 282.1 mm  Weight  Package Weight   28.6 kg Set Weight with Stand   20.9 kg Set Weight without Stand   20.6 kg  Accessory  Remote Controller Model  TM2140A Batteries (for Remote Control)  Yes Optional Stand Support (Y20 Studio)  Yes Mini Wall Mount Support  Yes Vesa Wall Mount Support  Yes User Manual  Yes E-Manual  Yes Power Cable  Ye",4.9 out of 5 (14 verified ratings),Samsung,FALSE,FALSE,tv
Samsung 65CU8000 Series 8 4K UHD LED Smart TV With Built-in Receiver - 65 Inch,"EGP 17,499.00",,,https://www.jumia.com.eg/samsung-65cu8000-series-8-4k-uhd-led-smart-tv-with-built-in-receiver-65-inch-44252174.html,"data:image/gif;base64,R0lGODlhAQABAIAAAAAAAP///yH5BAEAAAAALAAAAAABAAEAAAIBRAA7",SKU: SA024EA0S222KNAFAMZ Model: 65CU8000 Color: N/A Main Material: N/A,"Brand: Samsung Size in Inch: 65 Inch TV Type: Flat TV Resolution Type: 4K UHD (3840×2160) Display Type: LED Built-in Receiver: Yes Smart Connection: Yes (Wi-Fi, Bluetooth, ethernet) Connectivity: 3 HDMI ports, 2 USB ports SmartThings Hub Auto game mode Motion Xcelerator Object tracking sound lite Dynamic Crystal Colors Technology Life Span: 2 Years",0 out of 5 (No ratings available),Samsung,FALSE,TRUE,tv
Samsung QA65Q6FNASXEG - 65-inch QLED 4K UHD Smart TV,"EGP 56,894.00","EGP 60,000.00",5%,https://www.jumia.com.eg/samsung-qa65q6fnasxeg-65-inch-qled-4k-uhd-smart-tv-21207941.html,"data:image/gif;base64,R0lGODlhAQABAIAAAAAAAP///yH5BAEAAAAALAAAAAABAAEAAAIBRAA7",SKU: SA024EA08WV38NAFAMZ Model: QA65Q6FNASXEG Color: Black,Model Name QA65Q6FNASXEG Weight in kg 248g Brand Samsung Screen Type Smart TV Screen size in inch 65 Inch Dimensions ‎1227.1 x 710.7 x 54.9‎ HDMI Ports 4 USB Ports 2 Internet Connection Yes Resolution Type 4K UHD HDR Streaming No Screen Design Flat Display Type QLED Resolution in Numbers 3840x2160 Energy Consumption per Year in kWh 165 W Built-in Receiver Yes Remote Control Included Yes Auto Power Off Yes Dolby Sound Yes ,0 out of 5 (No ratings available),Samsung,FALSE,FALSE,tv
"Samsung 50 Inches 4K Ultra HD QLED Smart TV With Built-in Receiver, Black - QA50Q60B","EGP 17,602.00","EGP 18,500.00",5%,https://www.jumia.com.eg/samsung-50-inches-4k-ultra-hd-qled-smart-tv-with-built-in-receiver-black-qa50q60b-37938948.html,"data:image/gif;base64,R0lGODlhAQABAIAAAAAAAP///yH5BAEAAAAALAAAAAABAAEAAAIBRAA7",SKU: SA024EA1ELI1XNAFAMZ Model: QA50Q60B Color: Balck,"Screen size 50 Inches Brand SAMSUNGDisplay technolog  QLEDResolution 4KRefresh rate 60 HzModel  name QA50Q60BAUXEGIncluded components Remote ControlConnectivity technology Bluetooth, Wi-Fi, HDMIColour BlackProduct dimensions 22.4D x 11.8W x 68.2H centimeters",0 out of 5 (No ratings available),Samsung,FALSE,FALSE,tv
"Samsung 55 Inch TV Quantum Processor Lite 4K QLED QA55Q60BAUXEG, New Edition - Black","EGP 18,999.00",,,https://www.jumia.com.eg/55-inch-tv-quantum-processor-lite-4k-qled-qa55q60bauxeg-new-edition-black-samsung-mpg895236.html,"data:image/gif;base64,R0lGODlhAQABAIAAAAAAAP///yH5BAEAAAAALAAAAAABAAEAAAIBRAA7",SKU: SA024EA0Q8PXANAFAMZ Model: QA55Q60BAUXEG Production Country: Egypt Size (L x W x H cm): 135 x 109 x 25 cm Color: Black Main Material: n/a,"About this item SAMSUNG QA55Q60BAUXEG TV 55 Screen Size, 3,840 x 2,160 Resolution. Quantum Processor Lite 4K Picture Engine with Quantum HDR,100% Colour Volume with Quantum Dot. Having Wide Viewing Angle with Supreme UHD Dimming, Dual LED, Auto Motion Plus and Brightness Detection Speaker Type: 2CH with 20W Sound Output (RMS), Dolby Digital Plus, Q-Symphony and Adaptive Sound+ Smart Services: Tizen Operating System, Web Browser, SmartThings App Support and Gallery Smart Features: Mobile to TV - Mirroring, DLNA, TV Initiate Mirroring, Google Duo Video Communication, Tap View, upto 2 videos Multi-View, Sound Mirroring and Microsoft 365 Web Service Life Span 5 Years",0 out of 5 (No ratings available),Samsung,FALSE,FALSE,tv
Samsung 65CU7000 65 Inch 4K UHD Smart LED TV With Built-in Receiver,"EGP 14,999.00",,,https://www.jumia.com.eg/samsung-65cu7000-65-inch-4k-uhd-smart-led-tv-with-built-in-receiver-44258300.html,"data:image/gif;base64,R0lGODlhAQABAIAAAAAAAP///yH5BAEAAAAALAAAAAABAAEAAAIBRAA7",SKU: SA024EA008998NAFAMZ Model: 65CU7000 Main Material: #N/A,"Model Name: 65CU7000 Brand: Samsung Screen Type: Smart TV Screen size in inch: 65 Inch Dimensions: 282.1 x 906.6 x 1449.4‎ mm HDMI Ports: 3 USB Ports: 1 Internet Connection: Wi-Fi, ethernet Resolution Type: 4K UHD HDR Streaming: Yes Screen Design: Flat Display Type: LED Resolution in Numbers: 3840x2160 Built-in Receiver: Yes Remote Control Included: Yes Auto Power Off: Yes Film Picture Mode: Yes Dolby Sound: Yes Life Span: 2 Years   ",0 out of 5 (No ratings available),Samsung,FALSE,FALSE,tv
Samsung 55 Inches 4K Ultra HD QLED Smart TV QA55LS03AAUXEG,"EGP 25,615.00","EGP 26,000.00",1%,https://www.jumia.com.eg/samsung-55-inches-4k-ultra-hd-qled-smart-tv-qa55ls03aauxeg-31172303.html,"data:image/gif;base64,R0lGODlhAQABAIAAAAAAAP///yH5BAEAAAAALAAAAAABAAEAAAIBRAA7",SKU: SA024EA0I20JTNAFAMZ Model: QA55LS03AAUXEG Color: Balck,"  Number of Warranty Years 2 Product lifetime: is the availability period during which the supplier provides the products spare parts after the expiration of the warranty period. 5 Years Model Name QA55LS03AAUXEG Weight in kg 17 Kg Brand Samsung Screen Type Smart TV Screen size in inch 55 Inch Dimensions 48.7 x 29.3 x 9 inch (with stand), 48.7 x 27.9 x 1 inch (without stand) HDMI Ports 4 USB Ports 2 Internet Connection Wi-Fi, Ethernet Resolution Type 4K UHD HDR Streaming Yes Screen Design Flat Display Type QLED Resolution in Numbers 3840x2160 Built-in Receiver Yes Remote Control Included Yes Auto Power Off Yes Film Picture Mode Yes Dolby Sound Yes  ",0 out of 5 (No ratings available),Samsung,FALSE,TRUE,tv
Samsung 65 Inch Ultra 4K UHD Smart TV With Built-in Receiver And Remote Control,"EGP 22,000.00",,,https://www.jumia.com.eg/samsung-65-inch-ultra-4k-uhd-smart-tv-with-built-in-receiver-and-remote-control-40201100.html,"data:image/gif;base64,R0lGODlhAQABAIAAAAAAAP///yH5BAEAAAAALAAAAAABAAEAAAIBRAA7",SKU: SA024EA002D18NAFAMZ Model: UA65AU7000UXEG Size (L x W x H cm): 28.2D x 144.9W x 90.7H سم Color: BLACK,"The screen size is 65 inchesSamsung brand4K UHD, LED display technologyProduct Dimensions 28.2D x 144.9W x 90.7H inchesThe resolution is 4KRefresh rate 60Model name: UA65AU7000UXEGIncluded components Power cable, remote controlConnectivity technology: Ethernet, Wi-Fi, USB, HDMI, Bluetooth, USB, Wireless, HDMIblack color",0 out of 5 (No ratings available),Samsung,FALSE,FALSE,tv
Tornado 43ES1500E Smart LED TV 43 Inch Full HD With Built-In Receiver 2 HDMI and 2 USB Inputs + Free Shahid VIP,"EGP 8,848.00","EGP 11,137.50",21%,https://www.jumia.com.eg/43es1500e-smart-led-tv-43-inch-full-hd-with-built-in-receiver-2-hdmi-and-2-usb-inputs-free-shahid-vip-tornado-mpg886147.html,https://eg.jumia.is/unsafe/fit-in/300x300/filters:fill(white)/product/64/732742/1.jpg?0596,SKU: TO871HA12JG3QNAFAMZ Model: 43ES1500E Color: N/A Main Material: N/A Shop Type: Jumia Mall,TORNADO Smart LED TV Screen Size : 43 Inch Resolution : 1920 x 1080 ( Full HD ) Aspect Ratio : 16:09 Contrast Ratio : 1:1000 Dynamic Contrast Viewing Angle : 178° Visual :- Picture Modes : Standard - Dynamic - Natural - Movies - Personal Audio :- Sound Technology : Dolby Audio Sound Modes : Standard - Music - Movies - Sports - Personal Audio Output Power : 10 Watt x 2 LED Features :- Operating System : TORNADO Portal With Built-In Receiver Web Browser Netflix Application Communication With YouTube Shahid VIP Watch It Amazon Prime Video App Store Fast Cast Screen Mirroring Connect With WiFi Time Shift Feature PVR EPG Schedule Sleep timer Hotel Mode Child Lock Multilingual OSD USB : Video - Photos - Music Power Consumption : 75 Watt Standby : <0.5 Watt Energy Efficiency Class : ( C ) Inputs :- Rf In : 1 ( Digital ) Video In : 1 HDMI : 2 USB : 2 LAN : 1 Dimensions ( Width x Height x Depth ) mm :- Without Stand : 970 x 566 x 85 With Stand : 970 x 618 x 220 Weight :- Net Weight : 7.3 Kg Gross Weight : 9.8 Kg Country Of Origin : Egypt,4.6 out of 5,https://www.jumia.com.eg/tornado/,FALSE,FALSE,tv
"Tornado Tv 32 Inch Hd With Built-In Receiver, 32ER9300E","EGP 6,440.00 25%","EGP 6,440.00",25%,https://www.jumia.com.eg/tornado-tv-32-inch-hd-with-built-in-receiver-32er9300e-26631719.html,https://eg.jumia.is/unsafe/fit-in/300x300/filters:fill(white)/product/91/713662/1.jpg?8825,SKU: TO871EA1ILQPQNAFAMZ Model: 32ER9300E Color: BLACK Main Material: N/A,TORNADO LED TV 32 Inch HD With Built-In Receiver 2 HDMI Inputs 2 USB Inputs Country Of Origin : Egypt 2 HDMI And 2 USB Inputs  3 Years Warranty Product life after warranty period:1year,0 out of 5,https://www.jumia.com.eg/tornado/,FALSE,FALSE,tv
"Tornado 43ER9300E LED TV 43 Inch Full HD With Built-In Receiver, 2 HDMI and 2 USB Inputs","EGP 8,349.00","EGP 10,436.25",20%,https://www.jumia.com.eg/tornado-43er9300e-led-tv-43-inch-full-hd-with-built-in-receiver-2-hdmi-and-2-usb-inputs-23079453.html,https://eg.jumia.is/unsafe/fit-in/300x300/filters:fill(white)/product/35/497032/1.jpg?4092,SKU: TO871EL0L4TOONAFAMZ Model: 43ER9300E Color: N/A,TORNADO LED TV Screen Size : 43 Inch Resolution : 1920 x 1080 ( Full HD ) Aspect Ratio : 16:09 Contrast Ratio : 1:1200 Viewing Angle : 178° USB : Video - Photo - Music Broadcastin,4 out of 5,https://www.jumia.com.eg/tornado/,TRUE,TRUE,tv
Tornado 32ES1500E Smart LED TV 32 Inch HD With 2 HDMI And 1 USB Input,"EGP 7,532.00 25%","EGP 7,532.00",25%,https://www.jumia.com.eg/tornado-32es1500e-smart-led-tv-32-inch-hd-with-2-hdmi-and-1-usb-input-25062507.html,https://eg.jumia.is/unsafe/fit-in/300x300/filters:fill(white)/product/70/526052/1.jpg?5866,SKU: TO871EA15ZM90NAFAMZ Model: 32ES1500E Production Country: Egypt Size (L x W x H cm): 1366 x 768 Color: Black,TORNADO Smart LED TV 32 Inch HD With Built-In Receiver Connect With Wired and Wireless Internet Netflix Application Country Of Origin : Egypt 3 Years Full Free Warranty,4 out of 5,https://www.jumia.com.eg/tornado/,FALSE,FALSE,tv
Tornado LED TV 43 Inch Full HD With Built-In Receiver 43ER9300E,"EGP 8,999.00 8%","EGP 8,999.00",8%,https://www.jumia.com.eg/tornado-led-tv-43-inch-full-hd-with-built-in-receiver-43er9300e-44232644.html,https://eg.jumia.is/unsafe/fit-in/300x300/filters:fill(white)/product/44/623244/1.jpg?9750,SKU: TO871EA0QKFIKNAFAMZ Model: 43ER9300E Size (L x W x H cm): N/A Color: BLACK Main Material: N/A,TORNADO LED TV 43 Inch HD With Built-In Receiver 2 HDMI Inputs 2 USB Inputs Country Of Origin : Egypt 2 HDMI And 2 USB Inputs  3 Years Warranty Product life Span :1year,0 out of 5,https://www.jumia.com.eg/tornado/,FALSE,FALSE,tv
Tornado 58US9500E - 58-inch Ultra HD LED Smart TV With Built-in Receiver,"EGP 18,600.00 13%","EGP 18,600.00",13%,https://www.jumia.com.eg/tornado-58us9500e-58-inch-ultra-hd-led-smart-tv-with-built-in-receiver-21056088.html,https://eg.jumia.is/unsafe/fit-in/300x300/filters:fill(white)/product/88/065012/1.jpg?9683,SKU: TO871EA1GFJECNAFAMZ Model: 58US9500E Production Country: Egypt Color: black,  Screen size: 58 Inch Resolution: 3840 × 2160 (4K Ultra HD) Aspect Ratio: 16:09 Contrast ratio: 1:3000 Viewing Angle: 178° Broadcasting Type: Digital (DVB-T2/S2),4 out of 5,https://www.jumia.com.eg/tornado/,FALSE,FALSE,tv
"Tornado 58US1500E 4K Smart DLED TV 58 Inch, WiFi Connection – Black","EGP 14,235.45","EGP 14,899.00",4%,https://www.jumia.com.eg/tornado-58us1500e-4k-smart-dled-tv-58-inch-wifi-connection-black-38754720.html,https://eg.jumia.is/unsafe/fit-in/300x300/filters:fill(white)/product/02/745783/1.jpg?8446,SKU: TO871EL01MUNRNAFAMZ Model: 58US1500E Color: Black Product Warranty: 3 Years Manufacturer Warranty,"Model No.: 58US1500E  Brand: Tornado  Product Situation In Market: Continuous Production  Colors : Black  Type : 4K TVs, Smart TVs  Size : 58 inch  Resolution : 3840 x 2160 (4K)  View Angle : 178ْ  TV Operating System : TORNADO Portal  Broadcasting Type : Digital ( DVB-T/T2/S/S2 )  Dimensions Without Base ( Width x Height x Depth ) mm :1303 x 758 x 86  Dimensions With Base ( Width X Height X Depth ) mm : 1303 x 818 x 267.4  Energy Efficiency Class :(D)  Net Weight :14.7 kg  Gross Weight :18.2 kg  Country Of Origin : Egypt  Life Span: 6 Years",0 out of 5,https://www.jumia.com.eg/tornado/,FALSE,FALSE,tv
"Tornado 32ES9300E-A Tornado HD Shield Smart TV 32 inch, Built-in Receiver","EGP 5,649.00","EGP 7,061.25",20%,https://www.jumia.com.eg/tornado-32es9300e-a-tornado-hd-shield-smart-tv-32-inch-built-in-receiver-33215675.html,https://eg.jumia.is/unsafe/fit-in/300x300/filters:fill(white)/product/57/651233/1.jpg?6997,SKU: TO871EL0YBNZ5NAFAMZ Color: N/A Product Warranty: 3,"Shield Smart LED TV screen, 32 inch HD, with built-in receiver, wired and wireless Internet access, with two HDMI inputs, country of origin: Egypt 3 years full free warranty Life span 6 years",0 out of 5,https://www.jumia.com.eg/tornado/,FALSE,FALSE,tv
Tornado 32EL8250E-A 32 Inch HD LED TV,"EGP 6,600.00 19%","EGP 6,600.00",19%,https://www.jumia.com.eg/tornado-32el8250e-a-32-inch-hdled-tv-39068322.html,https://eg.jumia.is/unsafe/fit-in/300x300/filters:fill(white)/product/22/386093/1.jpg?3084,SKU: TO871EA0DBT7XNAFAMZ Model: 32EL8250E-A Size (L x W x H cm): N/A Main Material: N/A,TORNADO LED TV Screen Size : 32 Inch Resolution : 1366 x 768 ( HD ) Aspect Ratio : 16:09 Contrast Ratio : 1:3000 Viewing Angle : 178° Energy Efficiency Class : (A) Broadcasting Type : Analog Inputs and Outputs :- Rf In : 1 ( Analog ) HDMI : 2 USB : 1 Video In : 1 RGB (PC) : 1 Audio Output Power : 2 x 8 Watt Dimensions ( Width x Height x Depth ) mm :- Without Stand : 733 x 433.3 x 73.9 With Stand : 733 x 469.5 x 178.2 Weight :- Net Weight : 4.5 kg Gross Weight : 5.7 kg Country Of Origin :  Egypt Warranty :  3 Years Full Free Warranty,0 out of 5,https://www.jumia.com.eg/tornado/,FALSE,TRUE,tv
Tornado 50UA1400E - 50-inch 4K UHD Frameless LED Smart TV,"EGP 14,500.00 4%","EGP 14,500.00",4%,https://www.jumia.com.eg/tornado-50ua1400e-50-inch-4k-uhd-frameless-led-smart-tv-22176987.html,https://eg.jumia.is/unsafe/fit-in/300x300/filters:fill(white)/product/78/967122/1.jpg?5127,SKU: TO871EA1B0JF6NAFAMZ Model: 50UA1400E Size (L x W x H cm): n/a,TORNADO 4K Smart Frameless LED TV Screen Size : 50 Inch Resolution : 3840 x 2160 ( 4K ) Aspect Ratio : 16:09 Contrast Ratio : Mega Contrast Viewing Angle : 178° Total Internal Memory : 16 GB,4 out of 5,https://www.jumia.com.eg/tornado/,FALSE,FALSE,tv
Tornado 43EL8250E-A - 43-inch Full HD Shield LED TV,"EGP 11,000.00 14%","EGP 11,000.00",14%,https://www.jumia.com.eg/43el8250e-a-43-inch-full-hd-shield-led-tv-tornado-mpg891690.html,https://eg.jumia.is/unsafe/fit-in/300x300/filters:fill(white)/product/88/967122/1.jpg?6804,SKU: TO871EA1GYVGYNAFAMZ Model: 43EL8250E-A Size (L x W x H cm): N/A Color: Black Main Material: N/A,TORNADO Shield LED TV 43 Inch Full HD Resolution : 1920 x 1080 ( Full HD ) 2 HDMI Inputs 2 USB Inputs Country Of Origin : Egypt,4.7 out of 5,https://www.jumia.com.eg/tornado/,FALSE,FALSE,tv
Tornado 55 Inch 4K UHD LED Smart Android TV Frameless With Remote Control And WiFi Calling,,,,https://www.jumia.com.eg/tornado-55-inch-4k-uhd-led-smart-android-tv-frameless-with-remote-control-and-wifi-calling-40201102.html,https://eg.jumia.is/unsafe/fit-in/300x300/filters:fill(white)/product/20/110204/1.jpg?6271,SKU: TO871EA0BZ14SNAFAMZ Model: 55UA1400E Size (L x W x H cm): 27.4D x 122.7W x 78.6H Color: BLACK,"The screen size is 55 inchesTornado brandLED display technologyProduct Dimensions 27.4D x 122.7W x 78.6H cmThe resolution is 4KSpecial feature Wee offer (100 GB free for 3 months) - Shahid VIP offer (3-month free voucher) - What It offer (6-month free voucher) - To get the Wee offer, please visit m.elarabygroup.com: 30002Wei offer (100 GB free for 3 months) - Watch VIP offer (3 months free voucher) - Watch It offer (6 months free coupon) - To get an offer and… View MoreIncluded Components Remote Control, Power Cable, User Manual, Warranty CardConnectivity Technology: Bluetooth, Wi-Fi, RF, USB, HDMIThe color is silverItem weight 10.62 kg",0 out of 5,https://www.jumia.com.eg/tornado/,FALSE,FALSE,tv
Samsung 50-Inch CU7000 Crystal UHD- 4K - Smart TV - Pur Colors (2023),"EGP 10,999.00","EGP 12,332.00",11%,https://www.jumia.com.eg/samsung-50-inch-cu7000-crystal-uhd-4k-smart-tv-pur-colors-2023-40845602.html,https://eg.jumia.is/unsafe/fit-in/300x300/filters:fill(white)/product/20/654804/1.jpg?1851,SKU: SA024EL0CAPCKNAFAMZ Model: UA50CU7000UXEG Color: N/A Product Warranty: 2 Years Manufacturer Warranty,"Type: LED Series: 7 Design: Slim Look Color: TITAN GRAY Stand Type : SLIM FEET Bezel Type: 3 Bezel-less Slim Type: Slim look Stand Color: TITAN GRAY Front Color: TITAN GRAY Screen Size: 50 Resolution: 3,840 x 2,160 Color: Pur Color HDR (High-Dynamic Range) Crystal Processor 4K Film Mode: Yes HLG (Hybrid Log Gamma): Yes Contrast: Mega Contrast Contrast Enhancer: Yes HDR10+ Picture Engine Motion Technology Motion Xcelerator Refresh Rate: 60Hz One Billion Color: Yes Picture Clarity: Yes Filmmaker Mode: Yes Brightness/Color Detection Brightness Detection Dolby: MS12 2ch Sound Output (RMS): 20W Speaker Type: 2CH Multiroom Link: Yes Sound: OTS Lite Q-Symphony: Yes Bluetooth Headset Support: Yes Bluetooth Audio: Yes Dual Audio support (Bluetooth): Yes Dolby Decoder: MS12 2ch Object Tracking Sound: OTS Lite Adaptive Sound Buds Auto switch: Yes Eco Sensor: Yes SmartThings: Yes Accessibility - Voice Guide US English, Mexico Spanish, Canada French, Finnish, German, Greek, Hungarian, Italian, Norwegian, Polish, Portugal Portuguese, Romanian, Slovak, Swedish, Czech, Danish, Dutch, Korean Accessibility - Learn TV Remote / Learn Menu Screen US English, Mexico Spanish, Canada French Caption (Subtitle): Yes Embedded POP: Yes EPG: Yes IP Control: Yes OSD Language: English, Spanish, French V-Chip: Yes MBR Support: Yes ConnectShare™: Yes HDMI Connections: 3 USB: 1 Ethernet (LAN): 1 Terrestrial / RF input: 1/1(Common Use for Terrestrial)/0 Digital Audio Out (Optical): 1 Power Supply (V): AC110-120V~ 50/60Hz Typical Power Consumption: 62 Maximum Power Consumption: 145 Standby Power Consumption: 0.5 DTV Tuner: ATSC/ClearQAM Digital Broadcasting: ATSC/ClearQAM Analog Tuner: Yes Tizen™ Smart TV DTV Sound System Dolby Mini Wall Mount Compatibility: Yes Vesa Wall Mount Compatibility: Yes Remote: TM2240A Power Cable: Yes User Manual: Yes E-Manual: Yes Remote Controller Model: TM2240A Remote Controller Model Code: BN59-01388A Batteries (for Remote Control): Yes VESA Wall Mount Support: Yes Zigbee / Thread Module Dongle Support Full Motion Slim Wall Mount (Y22) Support: Yes SlimFit Cam Support Loading Quantity 40ft HC 224 53ft 462 VESA Standard Screw Size: M8 Screw depth: 20-22 VESA Spec: 200 x 200 Eco Sensor: Yes Auto Power Saving: Yes Auto Power Off: Yes Smart Service: Works With AI Speaker Alexa, Google Assistant TV Plus: Yes Web Browser: Yes SmartThings Hub / Matter Hub / IoT-Sensor Functionality: Yes Samsung Health: Yes Universal Guide: Yes (US only) Media Home: Yes Smart Features Multi-Device Experience Mobile to TV, TV Sound to Mobile, Sound Mirroring, Wireless TV On Video Communication: Google Meet Tap View: Yes Mobile Camera support: Yes Easy Setup: Yes App Casting: Yes Workspace: Yes Wireless Dex: Yes Web Service: Microsoft 365 Chat Together: Yes (US only) NFT: Nifty Gateway, La Collection, Art Token, Savage ConnecTime: Yes (US only) Telemedicine: HealthTap (US only) Auto Game Mode (ALLM): Yes HGiG: Yes Gaming Hub: Yes (KR, US, CA, BR, GB, FR, DE, IT, ES) HDMI: 3 HDMI Audio Return Channel: Yes Anynet (HDMI-CEC): Yes USB: 1 Ethernet (LAN): 1 Digital Audio Out (Optical): 1 RF In (Terrestrial / Cable input / Satellite Input) 1/1(Common Use for Terrestrial)/0 Ex-Link ( RS-232C ) w/ Dongle Only WiFi: Yes (WiFi5) Bluetooth: Yes (BT5.2) Voice Guide  US English, Mexico Spanish, Canada French, Finnish, German, Greek, Hungarian, Italian, Norwegian, Polish, Portugal Portuguese, Romanian, Slovak, Swedish, Czech, Danish, Dutch, Korean  Learn TV Remote / Learn Menu Screen  US English, Mexico Spanish, Canada French  Low Vision Support Zoom Menu and Text, High Contrast, SeeColors, Color Inversion, Grayscale, Picture Off Hearing Impaired Support Multi-output Audio, Caption Position, Sign Language Zoom, Separate Closed Caption, Sign Language Guide Motor Impaired Support Slow Button Repeat User Manual: Yes E-Manual: Yes Power Cable: Yes Life Span: 7 Years",0 out of 5 (No ratings available),Samsung,FALSE,FALSE,tv
Samsung UA43AU7000 - 43-inch Crystal UHD 4K Smart TV With Built In Receiver,"EGP 8,888.00","EGP 9,999.00",11%,https://www.jumia.com.eg/samsung-ua43au7000-43-inch-crystal-uhd-4k-smart-tv-with-built-in-receiver-40285776.html,https://eg.jumia.is/unsafe/fit-in/300x300/filters:fill(white)/product/67/758204/1.jpg?4867,SKU: SA024EL14CAKCNAFAMZ Model: UA43AU7000 Color: N/A Product Warranty: 2 Years Manufacturer Warranty,Brand: SAMSUNG Name: UA43AU7000 - 43-inch Crystal UHD 4K Smart TV With Built In Receiver Model Number: UA43AU7000 Life Span: 7 Years,0 out of 5 (No ratings available),Samsung,FALSE,FALSE,tv
Samsung 65-Inch CU7000 Crystal UHD- 4K - Smart TV - Pur Colors (2023),"EGP 15,699.00","EGP 16,299.00",4%,https://www.jumia.com.eg/samsung-65-inch-cu7000-crystal-uhd-4k-smart-tv-pur-colors-2023-40845600.html,https://eg.jumia.is/unsafe/fit-in/300x300/filters:fill(white)/product/00/654804/1.jpg?2302,SKU: SA024EL00E190NAFAMZ Model: UA65CU7000UXEG Color: N/A Product Warranty: 2 Years Manufacturer Warranty,"Type: LED Series: 7 Design: Slim Look Color: TITAN GRAY Stand Type : SLIM FEET Bezel Type: 3 Bezel-less Slim Type: Slim look Stand Color: TITAN GRAY Front Color: TITAN GRAY Screen Size: 65 Resolution: 3,840 x 2,160 Color: Pur Color HDR (High-Dynamic Range) Crystal Processor 4K Film Mode: Yes HLG (Hybrid Log Gamma): Yes Contrast: Mega Contrast Contrast Enhancer: Yes HDR10+ Picture Engine Motion Technology Motion Xcelerator Refresh Rate: 60Hz One Billion Color: Yes Picture Clarity: Yes Filmmaker Mode: Yes Brightness/Color Detection Brightness Detection Dolby: MS12 2ch Sound Output (RMS): 20W Speaker Type: 2CH Multiroom Link: Yes Sound: OTS Lite Q-Symphony: Yes Bluetooth Headset Support: Yes Bluetooth Audio: Yes Dual Audio support (Bluetooth): Yes Dolby Decoder: MS12 2ch Object Tracking Sound: OTS Lite Adaptive Sound Buds Auto switch: Yes Eco Sensor: Yes SmartThings: Yes Accessibility - Voice Guide US English, Mexico Spanish, Canada French, Finnish, German, Greek, Hungarian, Italian, Norwegian, Polish, Portugal Portuguese, Romanian, Slovak, Swedish, Czech, Danish, Dutch, Korean Accessibility - Learn TV Remote / Learn Menu Screen US English, Mexico Spanish, Canada French Caption (Subtitle): Yes Embedded POP: Yes EPG: Yes IP Control: Yes OSD Language: English, Spanish, French V-Chip: Yes MBR Support: Yes ConnectShare™: Yes HDMI Connections: 3 USB: 1 Ethernet (LAN): 1 Terrestrial / RF input: 1/1(Common Use for Terrestrial)/0 Digital Audio Out (Optical): 1 Power Supply (V): AC110-120V~ 50/60Hz Typical Power Consumption: 62 Maximum Power Consumption: 145 Standby Power Consumption: 0.5 DTV Tuner: ATSC/ClearQAM Digital Broadcasting: ATSC/ClearQAM Analog Tuner: Yes Tizen™ Smart TV DTV Sound System Dolby Mini Wall Mount Compatibility: Yes Vesa Wall Mount Compatibility: Yes Remote: TM2240A Power Cable: Yes User Manual: Yes E-Manual: Yes Remote Controller Model: TM2240A Remote Controller Model Code: BN59-01388A Batteries (for Remote Control): Yes VESA Wall Mount Support: Yes Zigbee / Thread Module Dongle Support Full Motion Slim Wall Mount (Y22) Support: Yes SlimFit Cam Support Loading Quantity 40ft HC 224 53ft 462 VESA Standard Screw Size: M8 Screw depth: 20-22 VESA Spec: 200 x 200 Eco Sensor: Yes Auto Power Saving: Yes Auto Power Off: Yes Smart Service: Works With AI Speaker Alexa, Google Assistant TV Plus: Yes Web Browser: Yes SmartThings Hub / Matter Hub / IoT-Sensor Functionality: Yes Samsung Health: Yes Universal Guide: Yes (US only) Media Home: Yes Smart Features Multi-Device Experience Mobile to TV, TV Sound to Mobile, Sound Mirroring, Wireless TV On Video Communication: Google Meet Tap View: Yes Mobile Camera support: Yes Easy Setup: Yes App Casting: Yes Workspace: Yes Wireless Dex: Yes Web Service: Microsoft 365 Chat Together: Yes (US only) NFT: Nifty Gateway, La Collection, Art Token, Savage ConnecTime: Yes (US only) Telemedicine: HealthTap (US only) Auto Game Mode (ALLM): Yes HGiG: Yes Gaming Hub: Yes (KR, US, CA, BR, GB, FR, DE, IT, ES) HDMI: 3 HDMI Audio Return Channel: Yes Anynet (HDMI-CEC): Yes USB: 1 Ethernet (LAN): 1 Digital Audio Out (Optical): 1 RF In (Terrestrial / Cable input / Satellite Input) 1/1(Common Use for Terrestrial)/0 Ex-Link ( RS-232C ) w/ Dongle Only WiFi: Yes (WiFi5) Bluetooth: Yes (BT5.2) Voice Guide  US English, Mexico Spanish, Canada French, Finnish, German, Greek, Hungarian, Italian, Norwegian, Polish, Portugal Portuguese, Romanian, Slovak, Swedish, Czech, Danish, Dutch, Korean  Learn TV Remote / Learn Menu Screen  US English, Mexico Spanish, Canada French  Low Vision Support Zoom Menu and Text, High Contrast, SeeColors, Color Inversion, Grayscale, Picture Off Hearing Impaired Support Multi-output Audio, Caption Position, Sign Language Zoom, Separate Closed Caption, Sign Language Guide Motor Impaired Support Slow Button Repeat User Manual: Yes E-Manual: Yes Power Cable: Yes Life Span: 7 Years",0 out of 5 (No ratings available),Samsung,TRUE,TRUE,tv
"Samsung TV, 50 Inch, LED,Built-in Receiver, UA50CU7000U","EGP 11,605.00","EGP 15,000.00",23%,https://www.jumia.com.eg/samsung-tv-50-inch-ledbuilt-in-receiver-ua50cu7000u-43584532.html,https://eg.jumia.is/unsafe/fit-in/300x300/filters:fill(white)/product/23/548534/1.jpg?4293,SKU: SA024EA0E0Q5YNAFAMZ Model: UA50CU7000U Color: Balck,  Samsung 50Inch Led Smart TV   Resolution 4K Ultra HD 3840 x 2160p   Operating system Tizen OS   Built-in receiver   Crystal 4K Processor   HDMI port 3   USB ports 1   Internet connection Wifi-LAN Port,0 out of 5 (No ratings available),Samsung,FALSE,FALSE,tv
Samsung 55Q80B - 55-inch Class QLED 4K Smart TV (2022),"EGP 22,999.00","EGP 24,499.00",6%,https://www.jumia.com.eg/55q80b-55-inch-class-qled-4k-smart-tv-2022-samsung-mpg895235.html,https://eg.jumia.is/unsafe/fit-in/300x300/filters:fill(white)/product/84/766462/1.jpg?8659,SKU: SA024EA1EGU7YNAFAMZ Model: 55Q80B Color: Black Main Material: N/A Shop Type: Jumia Mall,"Display Size: 55-inch Panel Backlight: QLED Resolution: 4K UHD (3840 x 2160) 4 x HDMI, 2 x USB, 1 x RF USB Multimedia Player",0 out of 5 (No ratings available),Samsung,FALSE,FALSE,tv
Samsung UA40T5300 - 40-inch Full HD Smart TV With Built-In Receiver,Official Store,"EGP 8,499.00",5%,https://www.jumia.com.eg/40-full-hd-led-tv-with-usb-multimedia-player-samsung-mpg895228.html,https://eg.jumia.is/unsafe/fit-in/300x300/filters:fill(white)/product/28/760412/1.jpg?0533,SKU: SA024EA0H4FOCNAFAMZ Model: UA40T5300 Color: Black Main Material: N/A Shop Type: Jumia Mall,"Display Size: 40-inch Panel Backlight: LED Resolution: 1920 x 1080 (Full HD) Features: Smart TV, Wi-Fi Built-In Connectivity: 2 x HDMI, 1 x USB USB Multimedia Player",4.1 out of 5 (21 verified ratings),Samsung,FALSE,FALSE,tv
Samsung 43-Inch CU7000 Crystal UHD- 4K - Smart TV - Pur Colors (2023),"EGP 9,399.00","EGP 9,999.00",6%,https://www.jumia.com.eg/samsung-43-inch-cu7000-crystal-uhd-4k-smart-tv-pur-colors-2023-40845568.html,https://eg.jumia.is/unsafe/fit-in/300x300/filters:fill(white)/product/86/554804/1.jpg?6488,SKU: SA024EL1FJ644NAFAMZ Model: UA43CU7000UXEG Color: N/A Product Warranty: 2 Years Manufacturer Warranty,"Type: LED Series: 7 Design: Slim Look Color: TITAN GRAY Stand Type : SLIM FEET Bezel Type: 3 Bezel-less Slim Type: Slim look Stand Color: TITAN GRAY Front Color: TITAN GRAY Screen Size: 43 Resolution: 3,840 x 2,160 Color: Pur Color HDR (High-Dynamic Range) Crystal Processor 4K Film Mode: Yes HLG (Hybrid Log Gamma): Yes Contrast: Mega Contrast Contrast Enhancer: Yes HDR10+ Picture Engine Motion Technology Motion Xcelerator Refresh Rate: 60Hz One Billion Color: Yes Picture Clarity: Yes Filmmaker Mode: Yes Brightness/Color Detection Brightness Detection Dolby: MS12 2ch Sound Output (RMS): 20W Speaker Type: 2CH Multiroom Link: Yes Sound: OTS Lite Q-Symphony: Yes Bluetooth Headset Support: Yes Bluetooth Audio: Yes Dual Audio support (Bluetooth): Yes Dolby Decoder: MS12 2ch Object Tracking Sound: OTS Lite Adaptive Sound Buds Auto switch: Yes Eco Sensor: Yes SmartThings: Yes Accessibility - Voice Guide US English, Mexico Spanish, Canada French, Finnish, German, Greek, Hungarian, Italian, Norwegian, Polish, Portugal Portuguese, Romanian, Slovak, Swedish, Czech, Danish, Dutch, Korean Accessibility - Learn TV Remote / Learn Menu Screen US English, Mexico Spanish, Canada French Caption (Subtitle): Yes Embedded POP: Yes EPG: Yes IP Control: Yes OSD Language: English, Spanish, French V-Chip: Yes MBR Support: Yes ConnectShare™: Yes HDMI Connections: 3 USB: 1 Ethernet (LAN): 1 Terrestrial / RF input: 1/1(Common Use for Terrestrial)/0 Digital Audio Out (Optical): 1 Power Supply (V): AC110-120V~ 50/60Hz Typical Power Consumption: 62 Maximum Power Consumption: 145 Standby Power Consumption: 0.5 DTV Tuner: ATSC/ClearQAM Digital Broadcasting: ATSC/ClearQAM Analog Tuner: Yes Tizen™ Smart TV DTV Sound System Dolby Mini Wall Mount Compatibility: Yes Vesa Wall Mount Compatibility: Yes Remote: TM2240A Power Cable: Yes User Manual: Yes E-Manual: Yes Remote Controller Model: TM2240A Remote Controller Model Code: BN59-01388A Batteries (for Remote Control): Yes VESA Wall Mount Support: Yes Zigbee / Thread Module Dongle Support Full Motion Slim Wall Mount (Y22) Support: Yes SlimFit Cam Support Loading Quantity 40ft HC 224 53ft 462 VESA Standard Screw Size: M8 Screw depth: 20-22 VESA Spec: 200 x 200 Eco Sensor: Yes Auto Power Saving: Yes Auto Power Off: Yes Smart Service: Works With AI Speaker Alexa, Google Assistant TV Plus: Yes Web Browser: Yes SmartThings Hub / Matter Hub / IoT-Sensor Functionality: Yes Samsung Health: Yes Universal Guide: Yes (US only) Media Home: Yes Smart Features Multi-Device Experience Mobile to TV, TV Sound to Mobile, Sound Mirroring, Wireless TV On Video Communication: Google Meet Tap View: Yes Mobile Camera support: Yes Easy Setup: Yes App Casting: Yes Workspace: Yes Wireless Dex: Yes Web Service: Microsoft 365 Chat Together: Yes (US only) NFT: Nifty Gateway, La Collection, Art Token, Savage ConnecTime: Yes (US only) Telemedicine: HealthTap (US only) Auto Game Mode (ALLM): Yes HGiG: Yes Gaming Hub: Yes (KR, US, CA, BR, GB, FR, DE, IT, ES) HDMI: 3 HDMI Audio Return Channel: Yes Anynet (HDMI-CEC): Yes USB: 1 Ethernet (LAN): 1 Digital Audio Out (Optical): 1 RF In (Terrestrial / Cable input / Satellite Input) 1/1(Common Use for Terrestrial)/0 Ex-Link ( RS-232C ) w/ Dongle Only WiFi: Yes (WiFi5) Bluetooth: Yes (BT5.2) Voice Guide  US English, Mexico Spanish, Canada French, Finnish, German, Greek, Hungarian, Italian, Norwegian, Polish, Portugal Portuguese, Romanian, Slovak, Swedish, Czech, Danish, Dutch, Korean  Learn TV Remote / Learn Menu Screen  US English, Mexico Spanish, Canada French  Low Vision Support Zoom Menu and Text, High Contrast, SeeColors, Color Inversion, Grayscale, Picture Off Hearing Impaired Support Multi-output Audio, Caption Position, Sign Language Zoom, Separate Closed Caption, Sign Language Guide Motor Impaired Support Slow Button Repeat User Manual: Yes E-Manual: Yes Power Cable: Yes Life Span: 7 Years",0 out of 5 (No ratings available),Samsung,FALSE,FALSE,tv
Samsung UA50AU7000 – 50-inch UHD 4K Smart TV With Built In Receiver,"EGP 11,708.00","EGP 13,199.00",11%,https://www.jumia.com.eg/50-au7000-50-inch-crystal-uhd-4k-smart-tv-samsung-mpg895232.html,https://eg.jumia.is/unsafe/fit-in/300x300/filters:fill(white)/product/09/542432/1.jpg?5469,SKU: SA024EA05OIZKNAFAMZ Model: UA50AU7000UXEG Size (L x W x H cm): Dimensions of TV with stand: 1116.8 x 719.1 x 250.2 mm Color: black Main Material: mixed,"  Brand: Samsung Color: Black TV type: Smart TV Series: 7  Dimensions  Stand size: 1009.8 x 250.2 mm Dimensions of TV with stand: 1116.8 x 719.1 x 250.2 mm Dimensions of TV without stand: 1116.8 x 644.2 x 59.9 mm Weight with stand: 11.6 kg Weight without stand: 11.4 kg  Display  Screen size: 50 inches Resolution: 3840 x 2160 pixels Panel Type: LED Color: PurColor Picture processor: Crystal processor 4K Picture quality Index: 2000 Contrast: Mega contrast Micro dimming: UHD Dimming HDR 10+ Contrast enhancer Auto motion plus Natural mode support High dynamic range Film mode Hybrid Log Gamma  Design  Design: New Bezel-less Bezel type: 3 Bezel-less Front color: Titan Gray Stand color: Titan Gray  Audio  Speaker type: 2CH Sound output: 20W Dolby Digital Plus Multiroom link Q-Symphony Lite Bluetooth audio  Convergence  Mobile to TV mirroring, DLNA Bluetooth low energy TV Sound to mobile Sound mirroring  Differentiation  Analog clean view  Connectivity  Bluetooth version: 4.2 Wi-Fi Connectivity: Wi-Fi 5 Wi-Fi Direct Return channel support HDMI quick switch eARC Anynet+ (HDMI-CEC)  Tuner/Broadcasting  Digital broadcasting: DVB-T2 Analog tuner TV key  Features  Energy efficiency class: 2 OSD Language: Local languages Processor: Crystal processor 4K Operating system: Tizen Digital clean view USB HID support Eco sensor SmartThings App support IPv6 Support MBR Support Teletext BT HID Built-in Film maker mode Auto power off Caption (Subtitle) Adaptive sound Brightness detection Gallery Web browser  Power  Power supply: AC 100-240V, 50/60Hz Power consumption (Max.): 145 W  Inputs & Outputs  3x HDMI USB port Ethernet Terrestrial / RF input: 1/1 (Common Use for Terrestrial)/0 Digital audio out (Optical) Audio out (Mini jack",4.6 out of 5 (34 verified ratings),Samsung,FALSE,FALSE,tv
"Samsung TV, 65 Inch, LED, 4K Resolution, UA65CU7000U","EGP 16,878.00","EGP 17,500.00",4%,https://www.jumia.com.eg/samsung-tv-65-inch-led-4k-resolution-ua65cu7000u-41933962.html,https://eg.jumia.is/unsafe/fit-in/300x300/filters:fill(white)/product/26/933914/1.jpg?0571,SKU: SA024EA0G1ACANAFAMZ Model: UA65CU7000U Color: Balck,  Samsung 65Inch Led Smart TV   Resolution 4K Ultra HD 3840 x 2160p   Operating system Tizen OS   Built-in receiver   Crystal 4K Processor   HDMI port 3   USB ports 1   Internet connection Wifi-LAN Port,0 out of 5 (No ratings available),Samsung,FALSE,TRUE,tv
Samsung UA43AU7000 - 43-inch UHD 4K Smart TV+TOD Free Subscription,"EGP 9,299.00",,,https://www.jumia.com.eg/samsung-ua43au7000-43-inch-uhd-4k-smart-tvtod-free-subscription-41371714.html,https://eg.jumia.is/unsafe/fit-in/300x300/filters:fill(white)/product/41/717314/1.jpg?4047,SKU: SA024EA0OU5AANAFAMZ Color: N/A Main Material: N/A,"Display Size: 43-inch LED, Crystal processor 4K Resolution: 3840 x 2160 pixels Smart TV, Wi-Fi Connectivity: 3x HDMI, 1x USB Adaptive Sound",0 out of 5 (No ratings available),Samsung,FALSE,FALSE,tv
Samsung UA43T5300 - 43-inch Full HD Smart TV With Built-In Receiver,"EGP 8,799.00","EGP 11,999.00",27%,https://www.jumia.com.eg/ua43t5300-43-inch-full-hd-smart-tv-with-built-in-receiver-samsung-mpg895229.html,https://eg.jumia.is/unsafe/fit-in/300x300/filters:fill(white)/product/90/989081/1.jpg?2805,SKU: SA024EA1I67MHNAFAMZ Model: UA43T5300AUXEG Color: Black Main Material: N/A,"Display Size: 43-inch Panel Backlight: LED Resolution: 1920 x 1080 (Full HD) Features: Smart TV, Wi-Fi Built-In Connectivity: 2 x HDMI, 1 x USB USB Multimedia Player",4.4 out of 5 (48 verified ratings),Samsung,FALSE,FALSE,tv
Samsung UA43AU7000 – 43-inch UHD 4K Built In Receiver Smart TV,"EGP 9,299.00","EGP 9,999.00",7%,https://www.jumia.com.eg/ua43au7000-43-inch-uhd-4k-built-in-receiver-smart-tv-samsung-mpg895230.html,https://eg.jumia.is/unsafe/fit-in/300x300/filters:fill(white)/product/46/259922/1.jpg?7006,SKU: SA024EA0RJIDUNAFAMZ Model: UA43AU7000UXEG Production Country: Egypt Size (L x W x H cm): 192.5 x 627.8 x 963.9‎ mm Color: black Main Material: mixed,"Dimensions  Stand size: 841.7 x 192.5 mm Dimensions of TV with stand: 963.9 x 627.8 x 192.5 mm Dimensions of TV without stand: 963.9 x 558.9 x 59.6 mm  Display  Screen size: 43 inches Resolution: 3840 x 2160 pixels Panel Type: LED Color: PurColor Picture processor: Crystal processor 4K Picture quality Index: 2000 Contrast: Mega contrast Micro dimming: UHD Dimming HDR 10+ Contrast enhancer Auto motion plus Natural mode support High dynamic range Film mode Hybrid Log Gamma  Design  Design: New Bezel-less Bezel type: 3 Bezel-less Front color: Titan Gray Stand color: Titan Gray  Audio  Speaker type: 2CH Sound output: 20W Dolby Digital Plus Multiroom link Q-Symphony Bluetooth audio  Convergence  Mobile to TV mirroring, DLNA Bluetooth low energy TV Sound to mobile Sound mirroring  Differentiation  Analog clean view Tune station  Connectivity  Bluetooth version: 4.2 Wi-Fi Connectivity: Wi-Fi 5 Wi-Fi Direct Return channel support HDMI quick switch eARC Anynet+ (HDMI-CEC)  Tuner/Broadcasting  Digital broadcasting: DVB-T2 Analog tuner TV key  Features  Energy efficiency class: 4 OSD Language: Local languages Processor: Crystal processor 4K Operating system: Tizen Digital clean view USB HID support Eco sensor SmartThings App support IPv6 Support MBR Support Teletext BT HID Built-in Film maker mode Auto power off Caption (Subtitle) Adaptive sound Brightness detection Gallery Web browser  Power  Power supply: AC 100-240V, 50/60Hz  Inputs & Outputs  3x HDMI USB port Ethernet Terrestrial / RF input: 1/1 (Common Use for Terrestrial)/0 Digital audio out (Optical)",4.7 out of 5 (15 verified ratings),Samsung,FALSE,FALSE,tv
,,,,,,,,,,,,
LG 43LM5500PVA.AFU Series Full HD LED TV - 43 inch,"EGP 7,999.00","EGP 8,999.00",11%,https://www.jumia.com.eg/43lm5500pva.afu-series-full-hd-led-tv-43-inch-lg-mpg895269.html,https://eg.jumia.is/unsafe/fit-in/300x300/filters:fill(white)/product/69/237773/1.jpg?7612,SKU: LG178EA15807HNAFAMZ Model: 43LM5500PVA.AFU Color: N/A Main Material: N/A Shop Type: Jumia Mall,"DISPLAY  Display Type: FHD Screen Size: 43"" Resolution: 1920 x 1080 BLU Type: Direct Refresh Rate: 50Hz  VIDEO(PICTURE QUALITY)  Color Enhancer: Dynamic Color Upscaler: Resolution Upscaler Noise Reduction: NR Picture Mode: Yes 8 modes (Vivid, Standard, Eco, Cinema, Sports, Game, (ISF) Expert (Bright Room), (ISF) Expert (Dark Room))  AUDIO  Speaker (sound output): 10W (5W per Channel) Channel: 2.0ch Direction: Down Firing Simultaneous Audio Output: Yes (Optical Output or HP Support Model) One Touch Sound Tuning: TV installation type Surround Mode: Virtual surround Clear Voice: Clear Voice Audio Codec: AC3 (Dolby Digital), EAC3, HE-AAC, AAC, MP2, MP3, PCM, DTS, DTS-HD, DTS Express, WMA  SMART FUNCTION  Number of CPUs: Single Quick Access: Yes  BROADCASTING SYSTEM  Digital TV Reception (Terrestrial, Cable, Satellite): Yes DVB-T2/C/S2 Terrestrial: DVB-T2 Cable: DVB-C Satellite: Yes DVB-S2 Analog TV Reception: Yes Teletext Page: Yes Teletext (Top/Flof/List): Yes [DVB] Subtitle: Yes AD (Audio Description): Yes EPG (8days): Yes  CONNECTIVITY  HDMI: 1 (Rear)/1 (Side) Version: HDMI 1.4 Simplink (HDMI CEC): Yes USB: 1 (Side) Component: Yes (Rear, Component in/AV in common) Composite In (AV): Yes (Rear, Component in/AV in common) RF In: 2 (Rear, RF/Sat) SPDIF (Optical Digital Audio Out): Yes (Rear)  POWER & GREEN  Power Supply: AC 100~240V 50-60Hz Standby Power Consumption: Under 0.5W Energy saving Mode: Yes  ACCESSORY  Remote: L-con Battereis: Yes (AAA x 2EA) Power Cable: Yes (TV Detached)  ADDITIONAL FEATURE  Time Machine (DVR): Yes Digital Recording: Yes Time Shift: Yes Game Built-in: Yes Life Span: 4 Years",5 out of 5 (8 verified ratings),LG,TRUE,FALSE,tv
LG 60UQ79006LD � 60 Inch 4K UHD Smart LED TV with Built-in Receiver,"EGP 14,399.00","EGP 15,973.00",10%,https://www.jumia.com.eg/lg-60uq79006ld-60-inch-4k-uhd-smart-led-tv-with-built-in-receiver-39530355.html,https://eg.jumia.is/unsafe/fit-in/300x300/filters:fill(white)/product/55/303593/1.jpg?5171,SKU: LG178EL0WXCIXNAFAMZ Model: 6223007499613 Color: N/A Product Warranty: 2 Years Manufacturer Warranty,Brand : LG Real 4K Slim design [α5 Gen5 AI Processor] for an enhanced viewing experience [ThinQ AI & WebOS] for custom settings LifeSpan Period : 5 years after The Warranty Period,0 out of 5 (No ratings available),LG,FALSE,FALSE,tv
LG 32LM550BPVA - 32 Inches LED Standard TV - Black,Official Store,"EGP 6,202.00",10%,https://www.jumia.com.eg/lg-32lm550bpva-32-inches-led-standard-tv-black-25267164.html,https://eg.jumia.is/unsafe/fit-in/300x300/filters:fill(white)/product/46/176252/1.jpg?3304,SKU: LG178EA0RHPTONAFAMZ Model: 32LM550BPVA Color: Black Main Material: N/A Shop Type: Jumia Mall,"Brand: LG . Size in Inch: 32 Inch . TV type :Smart Resolution : HD 1366 x 768 Display Type: LED . Number of CPUs : Single Connectivity: 2 x HDMI, 1 x USB Model Number : 32LM550 RF In : 2 (Rear, RF/Sat) . Color : Black BLU Type:Direct Refresh Rate:50Hz",0 out of 5 (No ratings available),LG,FALSE,FALSE,tv
LG 55UQ80006LD 4K UHD Smart LED TV with Built-in Receiver - 55 Inch,"EGP 13,299.00","EGP 16,099.00",17%,https://www.jumia.com.eg/lg-55uq80006ld-4k-uhd-smart-led-tv-with-built-in-receiver-55-inch-39530349.html,https://eg.jumia.is/unsafe/fit-in/300x300/filters:fill(white)/product/94/303593/1.jpg?9495,SKU: LG178EL1K5949NAFAMZ Model: 55UQ80006LD.AFU Color: N/A Product Warranty: 2 Years Manufacturer Warranty,Model Name 55UQ80006LD Brand LG Screen Type Smart TV Screen size in inch 55 Inch HDMI Ports 2 USB Ports 2 Internet Connection Wifi Resolution Type 4K UHD HDR Streaming Yes Screen Design Flat Display Type LED Resolution in Numbers 3840x2160 Built-in Receiver Yes Remote Control Included Yes Film Picture Mode Yes Dolby Sound Yes Life Span: 4 Years,0 out of 5 (No ratings available),LG,FALSE,FALSE,tv
LG UHD 4K TV 55 Inch Cinema Screen Design Active HDR WebOS Smart AI ThinQ 55UQ75006LG,"EGP 12,999.00","EGP 15,000.00",13%,https://www.jumia.com.eg/uhd-4k-tv-55-inch-cinema-screen-design-active-hdr-webos-smart-ai-thinq-55uq75006lg-lg-mpg895301.html,https://eg.jumia.is/unsafe/fit-in/300x300/filters:fill(white)/product/84/829392/1.jpg?0898,SKU: LG178EA1EI6S0NAFAMZ Model: 55UQ75006LG Production Country: Egypt Color: black,Brand Name : LG Product Type : Smart TV Model Number : 55UQ75006LG Screen Size : 55 Inches,5 out of 5 (2 verified ratings),LG,TRUE,TRUE,tv
"LG 65UQ80006LD.AFU UHD 4K TVU Q8000 Series, Cinema Screen Design 4K Active HDR WebOS Smart AI ThinQ - 65 Inch�","EGP 16,899.00","EGP 18,715.00",10%,https://www.jumia.com.eg/lg-65uq80006ld.afu-uhd-4k-tvu-q8000-series-cinema-screen-design-4k-active-hdr-webos-smart-ai-thinq-65-inch-39530354.html,https://eg.jumia.is/unsafe/fit-in/300x300/filters:fill(white)/product/45/303593/1.jpg?4190,SKU: LG178EL0QZ0H5NAFAMZ Model: 65UQ80006LD.AFU Color: N/A Product Warranty: 2 Years Manufacturer Warranty,"Real 4K UHD picture, color, and depth ?5 Gen5 AI Processor 4k with AI 4K upscaling ThinQ AI webOS Smart TV with Magic Remote True Cinema Experience supported with Active HDR, Film Maker Mode, AI Sound Unlimited Gameplay with HGiG, ALLM, HDMI 2.0 eARC Life Span: 4 Years",5 out of 5 (1 verified rating),LG,FALSE,FALSE,tv
"LG 50UQ91006LC.AFU UHD 4K TV UQ9100 Series, Cinema Screen Design 4K Active HDR WebOS Smart AI ThinQ - 50 Inch","EGP 12,599.00","EGP 13,199.00",5%,https://www.jumia.com.eg/lg-50uq91006lc.afu-uhd-4k-tv-uq9100-series-cinema-screen-design-4k-active-hdr-webos-smart-ai-thinq-50-inch-39530330.html,https://eg.jumia.is/unsafe/fit-in/300x300/filters:fill(white)/product/03/303593/1.jpg?2788,SKU: LG178EL01YT2HNAFAMZ Model: 50UQ91006LC.AFU Color: N/A Product Warranty: 2 Years Manufacturer Warranty,"Screen size: 50 Inches Brand: LG Supported Internet services :Netflix, Free Sat/Free View, Google TV, YouTube, Browser Display technology : 4K UHD Resolution :4K Refresh rate : 60 Hz Special features : Flat Model name :UHD Included components: Magic remote, Power Cable, Desk Top Connectivity technology: Bluetooth, Wi-Fi, Ethernet, HDMI, NFC Life Span: 4 Years",0 out of 5 (No ratings available),LG,FALSE,FALSE,tv
LG 43LM6370PVA - 43-inch Full HD Smart TV With Built-in Receiver,"EGP 8,799.00","EGP 10,500.00",16%,https://www.jumia.com.eg/43lm6370pva-full-hd-smart-tv-with-built-in-receiver-43-inch-black-lg-mpg895307.html,https://eg.jumia.is/unsafe/fit-in/300x300/filters:fill(white)/product/16/674372/1.jpg?9775,SKU: LG178EA09XE10NAFAMZ Model: 43LM6370PVA Size (L x W x H cm): n/a Color: Black Main Material: N/A,Brand: LG  Model Number: 43LM6370PVA  Color: Black  Type: LED  Size Inches: 43  Picture Quality: Full HD  Density: 1920 x 1080  Smart Function: Available  Receiver: Available  HDMI: 2  USB: 1  Width: 980mm  Hight: 620mm  Depth: 80mm,4.4 out of 5 (9 verified ratings),LG,FALSE,FALSE,tv
LG 55 Inch 4K UHD Smart Tv With Built-in Receiver- 55UP7760PVB,"EGP 12,842.00","EGP 17,220.00",25%,https://www.jumia.com.eg/smart-tv-with-built-in-receiver-55-inch-magic-remote-4k-uhd-55up7760pvb-lg-mpg895280.html,https://eg.jumia.is/unsafe/fit-in/300x300/filters:fill(white)/product/62/169713/1.jpg?3546,SKU: LG178EA110IGHNAFAMZ Model: 55UP7760PVB Size (L x W x H cm): 3840x2160 Color: Black Main Material: N/A,"Model Name 	55UP7760PVB  Brand 	LG  Screen Type 	Smart TV  Screen size in inch 	55 Inch  HDMI Ports 	3  USB Ports 	1  Internet Connection 	Wifi, Ethernet  Resolution Type 	4K UHD  HDR Streaming 	Yes  Screen Design 	Flat  Display Type 	LED  Resolution in Numbers 	3840x2160  Built-in Receiver 	Yes  Remote Control Included 	Yes  Film Picture Mode Product life after warranty period:5year  	Yes",4.8 out of 5 (5 verified ratings),LG,FALSE,FALSE,tv
LG 75UQ80006LD.AFU - 4K UHD TV UQ8000 Series Cinema Screen Design 4K Active HDR WebOS Smart AI ThinQ - 75 Inch,"EGP 29,599.00","EGP 31,999.00",8%,https://www.jumia.com.eg/lg-75uq80006ld.afu-4k-uhd-tv-uq8000-series-cinema-screen-design-4k-active-hdr-webos-smart-ai-thinq-75-inch-39530318.html,https://eg.jumia.is/unsafe/fit-in/300x300/filters:fill(white)/product/81/303593/1.jpg?4384,SKU: LG178EL1CEM95NAFAMZ Model: 75UQ80006LD.AFU Color: N/A Product Warranty: 2 Years Manufacturer Warranty,Brand: LG Size: 75 Inch Life Span Period : 4 Years,0 out of 5 (No ratings available),LG,FALSE,FALSE,tv
"LG 75UP7760PVB UHD 4K TV 75 Inch UP77 Series, Cinema Screen Design 4K Active HDR WebOS Smart AI ThinQ","EGP 27,359.00","EGP 30,479.00",10%,https://www.jumia.com.eg/lg-75up7760pvb-uhd-4k-tv-75-inch-up77-series-cinema-screen-design-4k-active-hdr-webos-smart-ai-thinq-39621632.html,https://eg.jumia.is/unsafe/fit-in/300x300/filters:fill(white)/product/23/612693/1.jpg?0176,SKU: LG178EL0E23O5NAFAMZ Model: 75UP7760PVB.AFU Color: N/A Product Warranty: 21 Year Manufacturer Warranty,"Brand: LG Screen Type Smart :TV Screen size in inch :75 Inch HDMI Ports :2 USB Ports : 1 Internet Connection :Wifi, Ethernet Resolution Type :4K UHD HDR Streaming :Yes Screen Design :Flat Display Type : LED Resolution in Numbers :3840x2160 Built-in Receiver : Yes Remote Control Included : Yes Film Picture Mode : Yes Life Span: 7 Years",0 out of 5 (No ratings available),LG,FALSE,TRUE,tv
LG 32LM637BPVA Series HD Smart LED TV- 32 Inch,"EGP 6,140.00","EGP 7,000.00",12%,https://www.jumia.com.eg/32lm637bpva-led-32-inch-hd-smart-built-in-receiver-lg-mpg895306.html,https://eg.jumia.is/unsafe/fit-in/300x300/filters:fill(white)/product/00/956472/1.jpg?7120,SKU: LG178EA00KI0ONAFAMZ Model: 32LM637BPVA Production Country: Egypt Color: Black Main Material: N/A,"Brand:LG Screen Type:Smart TV Screen size in inch;32 Inch HDMI Ports:3 USB Ports:2 Internet Connection:Wi-Fi, Ethernet Resolution Type:HD Headphone Output:Yes HDR Streaming:Yes Screen Design:Flat Display Type:LED Resolution in Numbers : 1366x768 Built-in Receiver:Yes RF In : 2 (Rear, RF/Sat) Remote Control Included:Yes Dolby Sound:Yes",4.3 out of 5 (29 verified ratings),LG,FALSE,FALSE,tv
,,,,,,,,,,,,
,,,,,,,,,,,,
,,,,,,,,,,,,
,,,,,,,,,,,,
,,,,,,,,,,,,
,,,,,,,,,,,,
,,,,,,,,,,,,
,,,,,,,,,,,,
,,,,,,,,,,,,
,,,,,,,,,,,,
,,,,,,,,,,,,
,,,,,,,,,,,,
,,,,,,,,,,,,
,,,,,,,,,,,,
,,,,,,,,,,,,
,,,,,,,,,,,,
,,,,,,,,,,,,
,,,,,,,,,,,,
,,,,,,,,,,,,
,,,,,,,,,,,,
,,,,,,,,,,,,
,,,,,,,,,,,,
,,,,,,,,,,,,
,,,,,,,,,,,,
,,,,,,,,,,,,
,,,,,,,,,,,,
,,,,,,,,,,,,
,,,,,,,,,,,,
,,,,,,,,,,,,
,,,,,,,,,,,,
,,,,,,,,,,,,
,,,,,,,,,,,,
,,,,,,,,,,,,
,,,,,,,,,,,,
,,,,,,,,,,,,
,,,,,,,,,,,,
,,,,,,,,,,,,
,,,,,,,,,,,,
,,,,,,,,,,,,
,,,,,,,,,,,,
,,,,,,,,,,,,
,,,,,,,,,,,,
,,,,,,,,,,,,
,,,,,,,,,,,,
,,,,,,,,,,,,
,,,,,,,,,,,,
,,,,,,,,,,,,
,,,,,,,,,,,,
,,,,,,,,,,,,
,,,,,,,,,,,,
,,,,,,,,,,,,
,,,,,,,,,,,,
,,,,,,,,,,,,
,,,,,,,,,,,,
,,,,,,,,,,,,
,,,,,,,,,,,,
,,,,,,,,,,,,
,,,,,,,,,,,,
,,,,,,,,,,,,
,,,,,,,,,,,,
,,,,,,,,,,,,
,,,,,,,,,,,,
,,,,,,,,,,,,
,,,,,,,,,,,,
,,,,,,,,,,,,
,,,,,,,,,,,,
,,,,,,,,,,,,
,,,,,,,,,,,,
,,,,,,,,,,,,
,,,,,,,,,,,,
,,,,,,,,,,,,
,,,,,,,,,,,,
,,,,,,,,,,,,
,,,,,,,,,,,,
,,,,,,,,,,,,
,,,,,,,,,,,,
,,,,,,,,,,,,
,,,,,,,,,,,,
,,,,,,,,,,,,
,,,,,,,,,,,,
,,,,,,,,,,,,
,,,,,,,,,,,,
,,,,,,,,,,,,
,,,,,,,,,,,,
,,,,,,,,,,,,
,,,,,,,,,,,,
,,,,,,,,,,,,
,,,,,,,,,,,,
,,,,,,,,,,,,
,,,,,,,,,,,,
,,,,,,,,,,,,
,,,,,,,,,,,,
